rpm,motor_power,torque,outlet_pressure_bar,air_flow,noise_db,outlet_temp,oil_tank_temp,vibration,tp2_pressure,tp3_pressure,metro_oil_temp,motor_current,dv_pressure,supply_temp,return_temp,humidity,hvac_power,energy,ac_type,failure_score,failure,risk_level
499,1405.842858,27.51170834,1.0,308.2898788,40.84051681,78.55471462,45.80617755,1.248464562,-0.0120000000000004,9.358,53.60000000000001,0.04,-0.0240000000000009,19.859999,20.469999,71.110001,0.0,0.0,Cassette_AC,65.2266930365,0,MEDIUM
513,1457.370092,31.03011475,1.081,307.833736,40.48422638,76.90282202,45.82538442,1.2750146436666665,-0.0120000000000004,9.358,53.60000000000001,0.04,-0.0219999999999984,19.855,20.43,71.32,0.0,0.0,Cassette_AC,65.718778772,0,MEDIUM
495,1582.249959,33.48465322,1.369,307.3775932,40.91857209,77.54702101,45.84473004,1.306920191,-0.0120000000000004,9.356,53.62499999999999,0.04,-0.0219999999999984,19.85,20.41,71.470001,0.0,0.0,Normal_AC,67.47814679599999,0,MEDIUM
480,1712.46682,36.39447513,1.691,306.9752484,40.45095335,80.059949,45.81704614,1.324372208,-0.0120000000000004,9.356,53.60000000000001,0.0424999999999995,-0.0219999999999984,19.84,20.379999,71.439995,0.0,0.0,Cassette_AC,69.20429649249999,0,MEDIUM
498,1766.03517,38.24915396,1.731,306.8321319,41.23373887,79.13042388,45.81763956,1.3137014683333332,-0.0120000000000004,9.354,53.62499999999999,0.04,-0.0219999999999984,19.83,20.35,71.580002,0.0,0.0,Cassette_AC,68.8487108505,0,MEDIUM
487,1843.928137,40.18909672,1.936,306.5320197,41.10906336,83.39203234,45.83955595,1.3458647719999999,-0.0120000000000004,9.354,53.60000000000001,0.04,-0.0240000000000009,19.83,20.32,71.599998,0.0,0.0,Normal_AC,71.27031074899999,1,HIGH
503,1885.584836,36.95616972,1.949,306.4273775,41.5159829,84.00256718,45.82111985,1.3405635843333332,-0.0120000000000004,9.352,53.525000000000006,0.04,-0.0240000000000009,19.834999,20.309999,71.659996,0.0,0.0,Centralized_AC,71.35094676,1,HIGH
489,1877.196074,38.21923059,1.985,306.0043583,41.27132984,82.95671672,45.86561504,1.3678184646666667,-0.0120000000000004,9.35,53.525000000000006,0.04,-0.0219999999999984,19.824999,20.299999,71.709999,0.0,0.0,Cassette_AC,71.942432596,1,HIGH
481,1957.281581,41.06024375,2.189,305.6275316,40.490259,83.63655306,45.83518128,1.4051816383333335,-0.0120000000000004,9.35,53.60000000000001,0.0375000000000005,-0.0219999999999984,19.82,20.27,71.739998,0.0,0.0,Cassette_AC,73.523626265,1,HIGH
481,1960.768488,39.5765725,2.192,305.3540754,41.72619525,82.37408824,45.83476145,1.4043108013333334,-0.0120000000000004,9.35,53.69999999999999,0.0424999999999995,-0.0219999999999984,19.809999,20.26,71.790001,0.0,0.0,Cassette_AC,73.37427538749999,1,HIGH
514,2091.282562,40.04531207,2.311,305.1976036,41.48659372,82.62047135,45.94759566,1.4144436703333334,-0.0139999999999993,9.348,53.67500000000001,0.04,-0.0219999999999984,19.799999,20.225,71.760002,0.0,0.0,Centralized_AC,73.94141700549999,1,HIGH
487,2154.268352,45.30870014,2.563,305.1298732,41.46083488,83.50940592,45.85752254,1.472292542,-0.0120000000000004,9.348,53.57499999999999,0.04,-0.0219999999999984,19.809999,20.23,71.879997,0.0,0.0,Normal_AC,76.399252972,1,HIGH
491,2182.219644,44.84862247,2.605,304.7710844,40.42433981,85.66937794,45.88366349,1.4464454863333334,-0.0120000000000004,9.344,53.525000000000006,0.04,-0.0219999999999984,19.805,20.225,72.029999,0.0,0.0,Centralized_AC,76.09236004649999,1,HIGH
493,2247.83226,45.67000201,2.728,304.2877791,40.50476577,84.94484277,45.91672206,1.4820456279999998,-0.0120000000000004,9.344,53.49999999999999,0.04,-0.0240000000000009,19.799999,20.215,72.290001,0.0,0.0,Normal_AC,77.23729439799999,1,HIGH
500,2287.264572,44.82738933,2.768,304.2291952,41.39614713,88.65057425,45.91607026,1.4645130316666666,-0.0120000000000004,9.344,53.62499999999999,0.04,-0.0240000000000009,19.799999,20.195,72.470001,0.0,0.0,Centralized_AC,77.85145658199998,1,HIGH
520,2365.234481,47.77374859,2.812,303.7649245,42.08726059,87.46029404,45.9199946,1.4517257663333334,-0.0139999999999993,9.342,53.47500000000001,0.04,-0.0240000000000009,19.779999,20.195,72.659996,0.0,0.0,Normal_AC,77.3619355885,1,HIGH
517,2528.387645,50.80831721,3.138,303.3753031,42.87469042,88.17564774,45.86485764,1.528131435,-0.0120000000000004,9.342,53.525000000000006,0.04,-0.0240000000000009,19.779999,20.18,72.809998,0.0,0.0,Cassette_AC,80.60305854799999,1,HIGH
497,2482.991985,51.008499,3.18,303.3683474,39.99023955,90.02343237,45.98193296,1.5392824669999998,-0.0120000000000004,9.34,53.47500000000001,0.04,-0.0240000000000009,19.76,20.17,73.080002,0.0,0.0,Centralized_AC,81.050868035,1,HIGH
499,2517.822349,48.97078968,3.232,303.0956054,42.70558327,87.72808043,45.97617036,1.5603664596666666,-0.0120000000000004,9.34,53.60000000000001,0.04,-0.0240000000000009,19.75,20.17,73.449997,0.0,0.0,Centralized_AC,81.62085138799999,1,HIGH
515,2639.245137,50.26904579,3.373,302.6813884,40.88429156,89.66963092,45.92080574,1.566010167,-0.0120000000000004,9.338,53.60000000000001,0.04,-0.0219999999999984,19.73,20.17,73.580002,0.0,0.0,Centralized_AC,82.28435647399999,1,HIGH
487,2600.936031,52.73840042,3.489,302.1964911,40.44102067,88.32995171,45.97015079,1.664880288,-0.0120000000000004,9.338,53.60000000000001,0.0424999999999995,-0.0219999999999984,19.709999,20.154999,73.75,0.0,0.0,Cassette_AC,85.081549668,1,HIGH
484,2748.491491,55.50306442,3.805,302.0742894,42.33501528,89.60860107,45.96742816,1.7445975333333335,-0.0120000000000004,9.336,53.42499999999998,0.0424999999999995,-0.0219999999999984,19.674999,20.135,73.949997,0.0,0.0,Cassette_AC,88.70882855949999,1,HIGH
499,2907.767162,59.11908915,4.011,302.0666196,41.51596648,93.72420066,45.9972064,1.7644802466666665,-0.0120000000000004,9.336,53.60000000000001,0.04,-0.0219999999999984,19.66,20.115,74.199997,0.0,0.0,Centralized_AC,90.622852537,1,HIGH
519,3057.346593,60.74624247,4.15,301.9805614,41.59282223,94.5375794,45.95497307,1.7847524393333334,-0.0120000000000004,9.334,53.525000000000006,0.0424999999999995,-0.0219999999999984,19.629999,20.105,74.379997,0.0,0.0,Cassette_AC,91.72439136450001,1,HIGH
504,3073.175475,59.05356853,4.298,301.5731622,41.51096013,96.55791787,46.00290651,1.8497697636666668,-0.0120000000000004,9.332,53.525000000000006,0.04,-0.0219999999999984,19.574999,20.074999,74.659996,0.0,0.0,Normal_AC,94.463216397,1,HIGH
511,3102.176151,59.94363704,4.305,301.3628983,41.93102036,93.55442514,45.95519563,1.8434116923333335,-0.0120000000000004,9.332,53.45,0.04,-0.0219999999999984,19.535,20.059999,75.080002,0.0,0.0,Centralized_AC,93.598610109,1,HIGH
486,3068.064062,63.04994628,4.458,300.9608802,42.232812,96.63610435,45.92725405,1.890290403,-0.0120000000000004,9.332,53.55000000000001,0.04,-0.0219999999999984,19.5,20.035,75.5,0.0,0.0,Cassette_AC,96.1266599775,1,HIGH
519,3343.949716,62.46944488,4.702,300.4729143,41.18664836,94.59973297,45.96285498,1.9358085593333332,-0.0120000000000004,9.33,53.55000000000001,0.04,-0.0240000000000009,19.449999,20.029999,76.040001,0.0,0.0,Centralized_AC,97.3141872765,1,HIGH
499,3295.133032,65.65705655,4.797,300.4365268,43.83011576,97.88811204,46.08073681,2.0040737196666663,-0.0139999999999993,9.328,53.525000000000006,0.04,-0.0240000000000009,19.42,19.984999,76.279999,0.0,0.0,Normal_AC,100.77075696399997,1,HIGH
507,3353.547507,63.3537573,4.826,300.3715821,40.69555063,95.67248974,45.97519843,1.9899663273333335,-0.0139999999999993,9.326,53.60000000000001,0.0424999999999995,-0.0219999999999984,20.754999,22.094999,67.260002,2.964,5.0,Centralized_AC,99.38194484949999,1,HIGH
519,3540.245236,65.7323149,5.081,300.1869903,40.84450665,96.98733285,46.02134567,2.0749418543333333,-0.0120000000000004,9.328,53.42499999999998,0.04,-0.0219999999999984,18.07,22.01,74.989998,2.988,7.0,Centralized_AC,102.79176484,1,HIGH
506,3558.795547,70.24487996,5.249,300.0782564,42.69870423,100.7936137,46.04992931,2.1443659076666663,-0.0120000000000004,9.326,53.47500000000001,0.04,-0.0240000000000009,17.529999,21.885,77.0,2.964,8.0,Centralized_AC,106.44018628949998,1,HIGH
503,3653.238888,73.38737813,5.468,299.8205677,41.07749961,98.10394676,45.99592217,2.2348138546666667,-0.0120000000000004,9.324,53.45,0.04,-0.0219999999999984,17.744999,21.764999,76.779999,2.904,7.0,Cassette_AC,108.67602727149998,1,HIGH
506,3803.815172,76.46071584,5.727,299.4595744,45.41681996,101.5377561,46.04821753,2.2950551320000003,-0.0120000000000004,9.326,53.49999999999999,0.0375000000000005,-0.0219999999999984,17.984999,21.715,76.290001,2.988,8.0,Normal_AC,112.510115979,1,HIGH
507,3923.399868,77.10048835,5.956,298.9997834,44.26782869,104.428863,46.04861886,2.384576103,-0.0120000000000004,9.324,53.49999999999999,0.04,-0.0219999999999984,17.789999,21.684999,77.009995,2.94,7.0,Normal_AC,116.20467314350002,1,HIGH
489,3918.351115,80.04373116,6.167,298.9885158,41.37911301,105.3707421,46.04465439,2.5318181616666666,-0.0120000000000004,9.322,53.49999999999999,0.04,-0.0240000000000009,18.164999,21.664999,76.159996,2.988,7.0,Cassette_AC,120.8460973265,1,HIGH
503,4116.520021,79.55649206,6.39,298.7997214,45.30573555,103.6020847,46.05458684,2.566905397,-0.0139999999999993,9.32,53.49999999999999,0.04,-0.0219999999999984,17.934999,21.645,76.939995,3.108,8.0,Cassette_AC,122.4915434175,1,HIGH
504,4238.49571,83.9107575,6.623,298.4070415,44.89159866,104.3869785,46.14257671,2.6675464146666665,-0.0120000000000004,9.318,53.47500000000001,0.04,-0.0219999999999984,15.764999,21.594999,84.699997,5.256,11.0,Normal_AC,126.11087686399999,1,HIGH
511,4300.870611,80.54545469,6.644,298.0196563,40.65687955,106.748408,46.13172068,2.6549328746666667,-0.0120000000000004,9.318,53.49999999999999,0.04,-0.0219999999999984,15.87,21.494999,84.009995,5.268,13.0,Normal_AC,125.72962017249998,1,HIGH
499,4329.087385,83.84437754,6.86,297.8124752,42.90707432,106.8073654,46.11326045,2.800747859,-0.0120000000000004,9.318,53.47500000000001,0.04,-0.0240000000000009,16.295,21.455,84.069996,5.268,14.0,Normal_AC,130.888338268,1,HIGH
500,1402.424603,26.91957192,1.0,308.2705663,45.46106943,78.29331063,45.87909428,1.244748976,-0.0120000000000004,9.318,53.47500000000001,0.04,-0.0219999999999984,17.355,21.439999,84.129997,5.28,13.0,Centralized_AC,65.74295735199999,0,MEDIUM
490,1501.475814,33.41464913,1.224,307.8161923,45.08525152,78.49505333,45.82827516,1.2935465720000001,-0.0120000000000004,9.316,53.49999999999999,0.04,-0.0219999999999984,17.885,21.465,82.209999,5.196,13.0,Centralized_AC,67.6489482205,0,MEDIUM
513,1555.192258,29.37853308,1.265,307.3618182,45.26179296,80.25111233,45.86915286,1.2623127539999999,-0.0120000000000004,9.314,53.49999999999999,0.04,-0.0240000000000009,17.41,21.484999,81.299995,2.964,8.0,Cassette_AC,67.2594296465,0,MEDIUM
517,1648.947124,35.2854888,1.441,307.1537379,45.86545502,79.07601804,45.86344588,1.2813065113333333,-0.0139999999999993,9.312,53.55000000000001,0.04,-0.0219999999999984,17.129999,21.455,81.589996,2.94,8.0,Normal_AC,67.978018103,0,MEDIUM
508,1785.392642,36.80446155,1.742,306.9943076,45.61937368,80.9530371,45.83295442,1.301055928,-0.0120000000000004,9.312,53.60000000000001,0.04,-0.0219999999999984,17.02,21.434999,81.729996,2.964,7.0,Centralized_AC,69.604843167,0,MEDIUM
505,1811.433133,36.0816261,1.793,306.7937024,45.25459693,82.35559998,45.85235511,1.3400125876666669,-0.0120000000000004,9.312,53.525000000000006,0.0424999999999995,-0.0219999999999984,16.975,21.434999,82.089996,2.976,8.0,Centralized_AC,71.1719671645,1,HIGH
482,1834.772987,38.72843728,1.927,306.6280217,45.49422966,83.22880203,45.91764587,1.3670089570000001,-0.0120000000000004,9.31,53.42499999999998,0.04,-0.0219999999999984,16.93,21.434999,82.459999,2.964,7.0,Centralized_AC,72.5036036665,1,HIGH
517,2002.786974,37.27470977,2.122,306.2327583,46.99470361,85.5351084,45.87135222,1.3493922170000001,-0.0139999999999993,9.31,53.47500000000001,0.04,-0.0219999999999984,16.98,21.434999,82.529999,2.964,8.0,Normal_AC,73.1667491515,1,HIGH
498,1984.749272,38.66741058,2.173,306.2281381,46.83658925,85.61756805,45.93199392,1.3901924616666665,-0.0120000000000004,9.308,53.525000000000006,0.04,-0.0219999999999984,17.01,21.404999,82.459999,2.976,7.0,Cassette_AC,74.48965425,1,HIGH
489,2112.271255,41.87783853,2.474,305.866147,46.11918029,85.53087871,45.87207636,1.4368108473333334,-0.0139999999999993,9.308,53.42499999999998,0.04,-0.0219999999999984,17.23,21.434999,81.839996,2.952,7.0,Centralized_AC,76.36092214099999,1,HIGH
520,2355.787294,43.40496396,2.797,305.3972768,45.22311233,87.75630553,45.93401071,1.4949579053333333,-0.0120000000000004,9.306,53.49999999999999,0.04,-0.0240000000000009,17.059999,21.475,82.759995,2.904,8.0,Cassette_AC,79.173280392,1,HIGH
512,2478.221435,47.62825407,3.075,305.3607765,46.39245457,89.7121496,45.94277877,1.5507972216666666,-0.0139999999999993,9.304,53.42499999999998,0.04,-0.0219999999999984,17.119999,21.504999,82.82,2.952,8.0,Normal_AC,82.0688222355,1,HIGH
480,2422.023308,52.23484179,3.162,305.0503778,45.68509017,86.51052897,45.89754923,1.5887670576666668,-0.0139999999999993,9.304,53.400000000000006,0.0424999999999995,-0.0219999999999984,17.109999,21.525,83.099998,2.964,7.0,Cassette_AC,82.475907498,1,HIGH
485,2439.42767,49.98171448,3.173,304.6230742,45.20030141,89.82829622,45.91973771,1.593719912,-0.0120000000000004,9.304,53.42499999999998,0.04,-0.0219999999999984,17.190001,21.57,82.970001,2.976,7.0,Centralized_AC,83.4027166265,1,HIGH
498,2528.641967,50.69508619,3.257,304.1922951,47.99860033,90.52375429,45.97345335,1.597538128,-0.0120000000000004,9.302,53.42499999999998,0.04,-0.0240000000000009,17.190001,21.615,83.18,2.976,7.0,Normal_AC,84.27887246199998,1,HIGH
519,2669.077901,49.73895551,3.396,304.1327756,47.01835973,87.80181787,45.92415777,1.6020690746666666,-0.0120000000000004,9.302,53.525000000000006,0.04,-0.0219999999999984,17.26,21.645,83.019997,2.976,9.0,Normal_AC,83.865280667,1,HIGH
499,2746.272879,57.02614992,3.693,303.9285864,48.67833425,88.99127059,45.98359818,1.6581484806666669,-0.0120000000000004,9.3,53.400000000000006,0.04,-0.0219999999999984,17.234999,21.664999,83.129997,2.976,7.0,Normal_AC,86.688022205,1,HIGH
493,2774.704208,57.07672292,3.802,303.9231799,46.54078969,90.60034785,45.92702793,1.7062466330000001,-0.0120000000000004,9.3,53.42499999999998,0.0424999999999995,-0.0240000000000009,17.209999,21.6449995,83.229996,2.976,7.0,Normal_AC,88.431104406,1,HIGH
515,2948.348929,59.27152009,3.969,303.4367505,48.15429659,93.95435636,46.00122016,1.729492776,-0.0120000000000004,9.298,53.400000000000006,0.04,-0.0240000000000009,17.254999,21.625,83.080002,2.976,7.0,Normal_AC,90.5425168585,1,HIGH
482,2944.92615,60.10154207,4.231,303.0072214,48.76647821,92.90351642,45.97529246,1.8243585523333337,-0.0120000000000004,9.298,53.375,0.04,-0.0219999999999984,17.27,21.615,82.989998,2.94,7.0,Cassette_AC,93.74160740650001,1,HIGH
501,3029.292703,59.82043295,4.245,302.7244621,47.82468403,95.33539231,45.97385239,1.8191593499999998,-0.0120000000000004,9.296,53.375,0.04,-0.0240000000000009,17.32,21.584999,82.909996,2.976,9.0,Normal_AC,94.08033118199998,1,HIGH
493,3038.031736,63.46071,4.324,302.5420628,47.78189119,94.43035748,45.97103817,1.8317525453333332,-0.0139999999999993,9.294,53.400000000000006,0.04,-0.0240000000000009,17.18,21.594999,83.309998,2.976,7.0,Cassette_AC,94.38344940849998,1,HIGH
489,3131.768772,61.94397068,4.557,302.31443,46.7266056,94.2191745,46.03857261,1.925524978,-0.0139999999999993,9.292,53.400000000000006,0.04,-0.0219999999999984,17.08,21.6,83.589996,2.964,7.0,Normal_AC,97.451533805,1,HIGH
499,3285.868436,65.77609958,4.779,302.0945663,47.03185992,95.5303199,46.05932649,1.9909798166666668,-0.0120000000000004,9.292,53.400000000000006,0.04,-0.0240000000000009,17.109999,21.615,83.470001,2.976,7.0,Normal_AC,100.232753463,1,HIGH
487,3281.325821,68.90798485,4.889,302.0828651,46.49764463,95.92542177,46.02295269,2.0294392706666664,-0.0139999999999993,9.29,53.3,0.04,-0.0240000000000009,17.119999,21.539999,83.5,2.976,9.0,Centralized_AC,101.62518025699998,1,HIGH
502,3406.850567,66.78775465,4.993,302.0687204,49.51166094,95.90213272,46.06638765,2.038680229,-0.0120000000000004,9.292,53.42499999999998,0.04,-0.0240000000000009,17.154999,21.52,83.339996,2.94,7.0,Cassette_AC,102.556689191,1,HIGH
496,3414.718099,69.32299381,5.064,301.8930974,49.62010296,97.15593886,46.00496399,2.078216017666667,-0.0120000000000004,9.29,53.400000000000006,0.04,-0.0219999999999984,17.559999,21.535,82.82,5.208,8.0,Normal_AC,104.21448068900001,1,HIGH
491,3539.191167,72.95071609,5.364,301.714179,50.06455135,97.2913268,46.06254175,2.188577477,-0.0139999999999993,9.288,53.400000000000006,0.0424999999999995,-0.0240000000000009,17.855,21.59,81.229996,5.244,14.0,Normal_AC,108.22633871249998,1,HIGH
497,3664.09957,71.12569908,5.55,301.2357102,48.46102607,98.71395314,46.02637605,2.261303344,-0.0139999999999993,9.286,53.400000000000006,0.04,-0.0240000000000009,17.875,21.635,81.07,5.208,13.0,Centralized_AC,110.89474251549998,1,HIGH
511,3755.938998,74.54147393,5.578,301.155473,49.95342459,100.3991052,45.99482453,2.265972871,-0.0120000000000004,9.286,53.400000000000006,0.04,-0.0219999999999984,17.924999,21.684999,81.259995,5.232,13.0,Centralized_AC,111.7359761185,1,HIGH
494,3792.915861,77.89560172,5.851,300.703402,49.47996807,99.47387857,46.09332121,2.3697655143333334,-0.0139999999999993,9.286,53.55000000000001,0.04,-0.0240000000000009,18.065001,21.754999,80.659996,5.244,12.0,Centralized_AC,115.093430283,1,HIGH
499,3979.845806,79.25647536,6.164,300.4773044,49.16940082,103.1732692,46.09630739,2.4701986146666663,-0.0120000000000004,9.284,53.42499999999998,0.04,-0.0240000000000009,17.99,21.799999,80.989998,5.238,14.0,Centralized_AC,119.61068586299999,1,HIGH
501,4009.857219,76.5550625,6.197,300.4689772,46.30114855,101.6448512,46.06142645,2.486126564333333,-0.0120000000000004,9.284,53.42499999999998,0.0375000000000005,-0.0219999999999984,17.875,21.814999,81.159996,5.232,12.0,Cassette_AC,119.34168201249999,1,HIGH
493,4098.740325,80.15828036,6.486,300.3342935,46.00818928,104.6964598,46.05439598,2.6302340526666668,-0.0120000000000004,9.282,53.57499999999999,0.04,-0.0240000000000009,17.85,21.824999,80.040001,5.208,14.0,Cassette_AC,124.96236492199999,1,HIGH
497,4170.610762,85.0278486,6.568,299.905143,48.53347227,104.7395802,46.07845946,2.6854488866666664,-0.0120000000000004,9.282,53.42499999999998,0.04,-0.0219999999999984,18.145,21.859999,77.839996,5.232,13.0,Normal_AC,127.17238249049998,1,HIGH
482,4196.665915,87.31925261,6.837,299.7180217,48.96047165,107.6375327,46.14661891,2.798275501333334,-0.0120000000000004,9.28,53.45,0.04,-0.0219999999999984,17.934999,21.889999,79.389999,5.232,13.0,Centralized_AC,131.88371896250004,1,HIGH
510,4454.067364,85.36203557,6.964,299.5855381,48.48895855,106.4141897,46.14109148,2.84629436,-0.0120000000000004,9.28,53.400000000000006,0.04,-0.0240000000000009,17.824999,21.904999,78.089996,5.22,13.0,Centralized_AC,133.2017220075,1,HIGH
519,4542.387892,84.92523755,7.018,299.3742666,48.4668842,106.7395144,46.15042766,2.8639007333333333,-0.0120000000000004,9.278,53.400000000000006,0.04,-0.0240000000000009,18.264999,21.895,79.369995,5.184,13.0,Normal_AC,133.91593323,1,HIGH
486,4381.766636,87.91942507,7.153,299.127921,47.89269735,108.9782484,46.08975265,2.964162551,-0.0120000000000004,9.278,53.35000000000001,0.04,-0.0219999999999984,18.014999,21.865,80.790001,5.244,14.0,Centralized_AC,137.6673432325,1,HIGH
512,4621.236783,90.70054192,7.26,298.8812887,47.62351857,107.1143467,46.12946927,2.956017722,-0.0139999999999993,9.276,53.42499999999998,0.0424999999999995,-0.0240000000000009,17.914999,21.84,81.159996,5.196,12.0,Centralized_AC,137.1311461205,1,HIGH
497,1403.720659,27.36495641,1.0,307.8577435,40.48604549,88.68448247,45.9109685,1.262933214,-0.0120000000000004,9.276,53.42499999999998,0.04,-0.0219999999999984,17.859999,21.799999,81.439995,5.244,13.0,Normal_AC,68.140023861,0,MEDIUM
493,1532.11625,34.58468095,1.281,307.769319,40.1433144,87.27497524,45.93160886,1.2838524203333332,-0.0139999999999993,9.274,53.47500000000001,0.04,-0.0240000000000009,18.234999,21.77,81.0,5.196,13.0,Centralized_AC,68.92581358,0,MEDIUM
502,1685.728998,33.81545394,1.563,307.6808946,40.22362807,89.60471894,45.94016457,1.3204017913333332,-0.0139999999999993,9.272,53.47500000000001,0.0424999999999995,-0.0240000000000009,17.914999,21.775,81.739998,5.232,13.0,Cassette_AC,71.18127768549999,1,HIGH
498,1760.777582,35.05950451,1.726,307.220074,40.32688285,89.59898684,45.93301979,1.3043513413333334,-0.0120000000000004,9.27,53.400000000000006,0.04,-0.0219999999999984,18.094999,21.764999,81.720001,5.196,13.0,Cassette_AC,71.0393193775,1,HIGH
516,1888.250878,39.31073115,1.906,306.7881237,41.76093492,93.26320394,45.95086404,1.3290533473333335,-0.0139999999999993,9.27,53.375,0.04,-0.0240000000000009,17.754999,21.789999,82.419998,5.208,14.0,Cassette_AC,73.27154164299999,1,HIGH
481,1831.904424,40.75268971,1.933,306.6786854,40.40056079,91.19256108,45.92386497,1.366642232,-0.0120000000000004,9.27,53.400000000000006,0.04,-0.0240000000000009,18.385,21.1,80.669998,0.0,2.0,Cassette_AC,73.7314913485,1,HIGH
503,1971.024258,40.15997094,2.127,306.4092965,41.03769133,92.42624803,45.9135641,1.357028647,-0.0120000000000004,9.268,53.35000000000001,0.04,-0.0240000000000009,18.885,20.639999,79.259995,0.0,0.0,Normal_AC,74.235075117,1,HIGH
518,2011.502009,39.11857518,2.134,306.0601482,40.27284784,94.82731981,45.98368353,1.349467022,-0.0120000000000004,9.268,53.45,0.04,-0.0219999999999984,19.125,20.41,79.799995,0.0,0.0,Centralized_AC,74.5077677885,1,HIGH
491,2106.787074,45.04565868,2.453,305.6765199,41.92570635,93.68719033,46.01084567,1.438250346,-0.0139999999999993,9.268,53.400000000000006,0.04,-0.0240000000000009,19.219999,20.279999,79.559998,0.0,0.0,Centralized_AC,77.77216391500001,1,HIGH
505,2207.704967,45.36711156,2.585,305.5826671,41.87636075,94.95319161,46.01757749,1.4348246043333333,-0.0120000000000004,9.266,53.42499999999998,0.04,-0.0219999999999984,19.199999,20.189999,79.879997,0.0,0.0,Centralized_AC,78.242490145,1,HIGH
483,2192.022609,47.99752913,2.671,305.1771173,41.75026186,96.90169606,46.03911604,1.469304191,-0.0120000000000004,9.264,53.375,0.04,-0.0219999999999984,19.174999,20.115,80.269997,0.0,0.0,Cassette_AC,79.91708902399999,1,HIGH
487,2316.47263,47.30228713,2.899,304.7293329,41.18627552,96.13213017,45.97902597,1.5352948173333332,-0.0139999999999993,9.264,53.400000000000006,0.04,-0.0219999999999984,19.135,20.045,80.439995,0.0,0.0,Normal_AC,82.07581839049999,1,HIGH
490,2440.36301,50.49699486,3.13,304.6045948,42.73225349,98.40115824,46.06351945,1.56725836,-0.0120000000000004,9.264,53.400000000000006,0.04,-0.0219999999999984,19.109999,19.984999,80.409996,0.0,0.0,Normal_AC,84.29587838350001,1,HIGH
503,2559.553537,52.78810955,3.298,304.1587473,41.6820583,97.24404886,46.09333301,1.5816609183333334,-0.0120000000000004,9.262,53.400000000000006,0.04,-0.0219999999999984,19.094999,19.885,80.619995,0.0,0.0,Cassette_AC,84.61714850999999,1,HIGH
499,2576.72491,53.40512567,3.349,304.1021257,42.92636821,101.2377964,46.03611576,1.593096247,-0.0120000000000004,9.26,53.47500000000001,0.04,-0.0219999999999984,19.074999,19.875,81.229996,0.0,0.0,Normal_AC,86.24729174149999,1,HIGH
489,2592.328416,51.36864375,3.449,303.7970518,39.90321456,101.3140877,46.02633825,1.610589925,-0.0139999999999993,9.26,53.35000000000001,0.04,-0.0219999999999984,19.059999,19.824999,81.529999,0.0,0.0,Normal_AC,86.537701859,1,HIGH
505,2770.172016,56.67065464,3.7,303.431249,40.60649691,103.1701847,46.10524351,1.6770964836666666,-0.0120000000000004,9.258,53.35000000000001,0.04,-0.0219999999999984,19.039999,19.785,81.75,0.0,0.0,Cassette_AC,89.60441522149999,1,HIGH
502,2848.490641,55.47129821,3.878,303.2071229,43.50096873,100.3466209,46.01135105,1.7005242589999998,-0.0120000000000004,9.258,53.325,0.04,-0.0219999999999984,19.014999,19.734999,81.739998,0.0,0.0,Centralized_AC,90.3915283045,1,HIGH
503,3017.657248,62.11745254,4.201,302.8420832,41.46846862,103.8683797,46.08061033,1.7958086089999998,-0.0120000000000004,9.258,53.42499999999998,0.04,-0.0219999999999984,18.984999,19.705,81.779999,0.0,0.0,Normal_AC,94.47162348799999,1,HIGH
483,2993.829726,60.34048465,4.334,302.3441354,39.87901657,105.0432701,46.13208578,1.8677776346666668,-0.0120000000000004,9.256,53.400000000000006,0.04,-0.0219999999999984,18.945,19.654999,81.589996,0.0,0.0,Centralized_AC,96.9519990505,1,HIGH
512,3282.050838,63.66993554,4.641,302.164371,40.40925179,107.4244623,46.09470826,1.9336768199999999,-0.0139999999999993,9.256,53.400000000000006,0.04,-0.0240000000000009,18.93,19.615,81.739998,0.0,0.0,Cassette_AC,100.21780794349999,1,HIGH
513,3336.13036,65.63315017,4.742,302.0774826,44.29076272,108.3211542,46.09999073,1.9819314659999998,-0.0120000000000004,9.252,53.400000000000006,0.04,-0.0240000000000009,18.92,19.594999,82.129997,0.0,0.0,Centralized_AC,102.67384693799998,1,HIGH
488,3323.7359,68.78897729,4.961,301.6433222,44.43109426,104.9989395,46.11922356,2.061720336,-0.0120000000000004,9.252,53.42499999999998,0.04,-0.0219999999999984,18.91,19.574999,82.339996,0.0,0.0,Normal_AC,104.69600909399999,1,HIGH
520,3551.566223,65.43796481,5.095,301.6132782,43.08514647,110.2571427,46.12828548,2.087505987666667,-0.0139999999999993,9.25,53.375,0.0424999999999995,-0.0219999999999984,18.895,19.564999,82.559998,0.0,0.0,Cassette_AC,106.8507372755,1,HIGH
499,3505.287887,67.47351352,5.221,301.1759193,44.24480945,107.6806551,46.07170554,2.127928039,-0.0120000000000004,9.252,53.400000000000006,0.04,-0.0219999999999984,18.84,19.525,82.589996,0.0,0.0,Centralized_AC,107.84472636249998,1,HIGH
488,3536.53975,70.07506156,5.402,301.08527,44.62427358,109.5567282,46.20839802,2.180260409,-0.0120000000000004,9.25,53.42499999999998,0.04,-0.0219999999999984,18.785,19.475,82.309998,0.0,0.0,Centralized_AC,110.30263535700001,1,HIGH
481,3557.239635,71.52998092,5.512,300.8078955,43.37417485,111.2430039,46.16880239,2.2528495743333337,-0.0139999999999993,9.248,53.400000000000006,0.04,-0.0240000000000009,18.744999,19.455,81.919998,0.0,0.0,Normal_AC,112.93436443250002,1,HIGH
490,3645.42039,72.97208007,5.6,300.3667363,42.59701853,111.5217258,46.14494515,2.294372128333333,-0.0120000000000004,9.246,53.325,0.04,-0.0219999999999984,18.674999,19.404999,81.739998,0.0,0.0,Centralized_AC,114.30914807949998,1,HIGH
501,3745.865991,73.60740537,5.672,300.1057058,42.86409882,110.2901609,46.10488318,2.275571033333333,-0.0120000000000004,9.246,53.42499999999998,0.04,-0.0219999999999984,18.654999,19.395,81.489998,0.0,0.0,Cassette_AC,113.62128604799997,1,HIGH
482,3648.11205,74.89414172,5.692,299.7401496,45.4742118,109.1259414,46.15268656,2.331694194333333,-0.0120000000000004,9.246,53.49999999999999,0.04,-0.0219999999999984,18.625,19.355,81.419998,0.0,0.0,Centralized_AC,115.44544294999999,1,HIGH
499,3857.604636,75.85838025,5.922,299.5069572,45.24719315,113.8857502,46.16076256,2.4231095933333333,-0.0120000000000004,9.246,53.35000000000001,0.04,-0.0240000000000009,18.584999,19.314999,81.239998,0.0,0.0,Centralized_AC,119.80380432249999,1,HIGH
489,3824.213074,78.13573443,5.967,299.1339015,44.64169339,112.2784665,46.13450743,2.4306757749999996,-0.0120000000000004,9.242,53.325,0.04,-0.0219999999999984,18.565001,19.285,80.849998,0.0,0.0,Centralized_AC,119.62814388349999,1,HIGH
491,3902.189056,79.59704695,6.103,298.6837014,43.12530512,114.4086436,46.13126868,2.46223325,-0.0120000000000004,9.242,53.325,0.04,-0.0219999999999984,18.52,19.244999,80.589996,0.0,0.0,Normal_AC,121.15195416800002,1,HIGH
485,3918.023331,79.69858692,6.211,298.2681699,40.40157758,113.1603916,46.13438344,2.521748767,-0.0139999999999993,9.24,53.35000000000001,0.04,-0.0219999999999984,18.440001,19.23,79.879997,0.0,0.0,Centralized_AC,122.43279754699999,1,HIGH
495,4000.189544,80.07644746,6.257,297.871246,41.54309717,115.0761175,46.19615568,2.522213482333333,-0.0120000000000004,9.24,53.42499999999998,0.04,-0.0240000000000009,18.355,19.23,79.07,0.0,0.0,Normal_AC,123.18889842049998,1,HIGH
519,4296.911056,80.15716887,6.532,297.6181565,41.4261797,116.9496351,46.22668993,2.601530265,-0.0120000000000004,9.24,53.49999999999999,0.04,-0.0240000000000009,18.324999,19.174999,79.32,0.0,0.0,Normal_AC,126.56924367999999,1,HIGH
518,4429.24074,84.3536577,6.804,297.4897762,41.64314009,116.3706052,46.22830165,2.7411466966666667,-0.0120000000000004,9.238,53.42499999999998,0.04,-0.0219999999999984,18.305,19.115,80.689995,0.0,0.0,Centralized_AC,131.18952321350002,1,HIGH
487,4345.261628,87.87670972,7.071,297.1844291,40.54205902,118.699553,46.23010619,2.8883135076666666,-0.0120000000000004,9.238,53.42499999999998,0.04,-0.0219999999999984,18.305,19.09,82.709999,0.0,0.0,Cassette_AC,136.555602333,1,HIGH
483,4364.361053,86.89568845,7.172,297.050082,41.65403435,115.7213403,46.19548252,2.9626975436666663,-0.0120000000000004,9.236,53.400000000000006,0.0424999999999995,-0.0240000000000009,18.295,19.064999,83.989998,0.0,0.0,Centralized_AC,138.41186653749998,1,HIGH
515,4697.884434,91.68089819,7.363,297.002543,44.92597065,120.6429672,46.29485881,3.0141074939999997,-0.0120000000000004,9.236,53.325,0.04,-0.0219999999999984,18.225,18.994999,84.68,0.0,0.0,Normal_AC,142.0568622175,1,HIGH
510,1410.236643,26.61868496,1.0,269.6263849,41.00683547,96.96318592,46.03032463,1.2468247573333333,-0.0139999999999993,9.232,53.42499999999998,0.04,-0.0240000000000009,18.164999,18.934999,82.04499917,0.0,0.0,Cassette_AC,69.8045645205,0,MEDIUM
495,1430.354301,31.75280894,1.067,269.5761496,40.46815243,93.55116883,46.05144542,1.251309024,-0.0120000000000004,9.234,53.325,0.0424999999999995,-0.0219999999999984,18.105,18.865,79.40999833,0.0,0.0,Normal_AC,69.139785792,0,MEDIUM
483,1508.856559,32.99452971,1.254,269.5259144,40.35963397,97.52109293,46.04205965,1.2921141316666667,-0.0120000000000004,9.232,53.400000000000006,0.04,-0.0240000000000009,18.004999,18.799999,76.7749975,0.0,0.0,Centralized_AC,71.713642278,1,HIGH
517,1718.998582,32.29683349,1.573,268.9835328,40.99190386,101.0700008,46.07215387,1.3177614296666667,-0.0120000000000004,9.232,53.35000000000001,0.04,-0.0219999999999984,17.945,18.744999,74.13999667,0.0,0.0,Cassette_AC,74.103128669,1,HIGH
480,1795.164275,37.60834858,1.852,268.3278077,41.01684352,100.2801547,46.06251109,1.3694095243333333,-0.0139999999999993,9.228,53.375,0.04,-0.0240000000000009,17.914999,18.699999,71.50499583,0.0,0.0,Normal_AC,76.01685093299999,1,HIGH
513,2003.802022,42.27960104,2.147,267.4934779,41.03504825,99.49871376,46.00915925,1.378475033,-0.0120000000000004,9.228,53.3,0.04,-0.0219999999999984,21.135,21.455,68.869995,2.988,5.0,Centralized_AC,76.68618666749998,1,HIGH
492,1975.802785,39.05765892,2.176,267.2759633,40.18797138,103.154526,46.08076894,1.3947708986666667,-0.0120000000000004,9.226,53.225,0.0424999999999995,-0.0240000000000009,21.49,21.455,67.400002,2.988,7.0,Centralized_AC,78.020454167,1,HIGH
495,1979.994894,42.70821239,2.179,266.9649979,41.79715342,103.4920773,46.06460915,1.385980105,-0.0120000000000004,9.226,53.3,0.04,-0.0219999999999984,21.6,21.455,66.779999,2.988,7.0,Normal_AC,78.08799548799999,1,HIGH
510,2103.992476,44.28595389,2.356,266.2376301,42.19984883,100.252431,46.11929534,1.3772346256666665,-0.0120000000000004,9.226,53.325,0.04,-0.0219999999999984,21.689999,21.455,66.330002,2.94,7.0,Cassette_AC,77.43012384449999,1,HIGH
512,2189.250029,43.98108354,2.512,265.9172312,40.62453899,103.9616252,46.13377666,1.4012041753333335,-0.0120000000000004,9.224,53.325,0.04,-0.0240000000000009,19.809999,21.455,70.779999,2.964,9.0,Normal_AC,79.1522124085,1,HIGH
484,2180.58982,43.59479273,2.633,265.5079985,39.92663681,105.3029982,46.08328791,1.4610583286666667,-0.0120000000000004,9.224,53.325,0.04,-0.0219999999999984,18.639999,21.355,73.739998,2.952,7.0,Cassette_AC,81.4204949315,1,HIGH
498,2257.793731,44.04915885,2.721,265.1750465,42.19664296,104.0141078,46.09239338,1.488025439,-0.0120000000000004,9.222,53.35000000000001,0.04,-0.0219999999999984,16.809999,21.234999,78.949997,2.928,7.0,Centralized_AC,82.423786564,1,HIGH
493,2374.572557,49.96270936,2.985,264.2110092,41.34233055,104.9309891,46.13182205,1.5138420476666665,-0.0120000000000004,9.222,53.3,0.04,-0.0219999999999984,16.82,21.105,78.979996,2.964,7.0,Cassette_AC,83.82735828749999,1,HIGH
495,2524.393287,51.2212675,3.276,263.2885758,41.66958062,106.3598952,46.08081205,1.595596689,-0.0120000000000004,9.222,53.325,0.04,-0.0219999999999984,14.65,21.035,84.209999,2.976,8.0,Cassette_AC,87.268311563,1,HIGH
520,2653.800508,52.84959704,3.361,262.4742497,40.52751838,106.8406812,46.10554555,1.6044377646666668,-0.0120000000000004,9.22,53.42499999999998,0.04,-0.0219999999999984,15.495,20.92,83.580002,2.988,8.0,Cassette_AC,87.652430997,1,HIGH
505,2732.347067,55.13150458,3.622,262.1197883,41.68433479,107.6849267,46.09485829,1.6598766776666667,-0.0120000000000004,9.218,53.400000000000006,0.0424999999999995,-0.0219999999999984,16.889999,20.885,78.82,2.904,7.0,Cassette_AC,90.2226822235,1,HIGH
502,2766.999359,56.28527327,3.711,261.2540056,42.4830337,111.0311711,46.10245082,1.6654678393333333,-0.0120000000000004,9.216,53.325,0.04,-0.0219999999999984,17.190001,20.9,77.580002,2.904,7.0,Cassette_AC,91.52428300999999,1,HIGH
511,2866.827782,54.47809071,3.847,260.8710848,41.08139532,107.4591514,46.16332973,1.7093430946666668,-0.0120000000000004,9.218,53.325,0.04,-0.0219999999999984,16.99,20.914999,78.049995,2.964,8.0,Centralized_AC,92.00928998799999,1,HIGH
505,2890.286592,57.88471394,3.928,260.7542656,43.26776768,109.3462246,46.10400088,1.705022451666667,-0.0120000000000004,9.214,53.35000000000001,0.04,-0.0240000000000009,17.309999,20.914999,76.879997,2.952,7.0,Cassette_AC,92.841394852,1,HIGH
515,2961.40405,56.74943417,4.001,260.1639819,42.6503268,112.4925162,46.202979,1.7190152989999998,-0.0120000000000004,9.214,53.325,0.04,-0.0219999999999984,17.0,20.914999,77.439995,2.964,8.0,Centralized_AC,94.10113703999998,1,HIGH
490,2907.728502,60.73860619,4.089,259.797022,40.84379346,108.5266634,46.13499293,1.813025926,-0.0120000000000004,9.214,53.42499999999998,0.04,-0.0219999999999984,17.190001,20.914999,76.970001,2.964,7.0,Normal_AC,95.83501264899999,1,HIGH
491,2981.545272,57.9228897,4.227,259.3432201,40.19107383,109.4778684,46.12785283,1.8272229246666665,-0.0120000000000004,9.212,53.325,0.0424999999999995,-0.0219999999999984,17.764999,20.99,72.909996,5.304,12.0,Centralized_AC,96.6773159145,1,HIGH
491,3035.057001,59.19043774,4.34,258.5436676,42.46774174,110.1358584,46.1613945,1.8611279070000002,-0.0120000000000004,9.21,53.325,0.0375000000000005,-0.0219999999999984,17.805,21.055,73.150002,5.268,14.0,Normal_AC,98.425463071,1,HIGH
485,3156.02758,62.80127252,4.647,258.0110724,40.00198339,114.9983036,46.23603194,1.9563083910000003,-0.0120000000000004,9.21,53.325,0.04,-0.0219999999999984,18.215,21.094999,72.459999,5.268,13.0,Normal_AC,102.7411251385,1,HIGH
518,3466.977352,65.71710528,4.949,257.9360634,44.29850935,116.8160016,46.25714589,2.044929267666667,-0.0139999999999993,9.21,53.3,0.0424999999999995,-0.0219999999999984,18.184999,21.1,72.68,5.232,13.0,Normal_AC,107.1031548325,1,HIGH
511,3566.710509,68.00038515,5.208,256.9685031,44.32172753,115.1770667,46.23370963,2.1029346703333336,-0.0120000000000004,9.208,53.325,0.04,-0.0219999999999984,18.225,21.154999,72.889999,5.268,13.0,Centralized_AC,108.95456591450001,1,HIGH
509,3701.775671,69.90441228,5.495,256.1651905,40.32329917,117.9026248,46.25964697,2.2317902746666665,-0.0120000000000004,9.208,53.375,0.0424999999999995,-0.0219999999999984,18.184999,21.215,72.860001,5.244,13.0,Centralized_AC,113.47635931549999,1,HIGH
494,3738.808842,75.03919005,5.742,255.3457392,43.57824535,121.475895,46.21137876,2.3201591466666667,-0.0139999999999993,9.206,53.35000000000001,0.04,-0.0219999999999984,18.295,21.334999,72.589996,5.256,14.0,Cassette_AC,118.00248495249998,1,HIGH
496,3792.256731,76.89614192,5.826,255.3195488,45.57683108,117.897013,46.25690376,2.351060031333333,-0.0120000000000004,9.204,53.325,0.04,-0.0240000000000009,17.74,21.355,73.610001,5.22,13.0,Normal_AC,118.502578852,1,HIGH
490,3864.919424,77.02165418,6.04,254.648318,42.73491772,121.9823563,46.23181039,2.4233961886666666,-0.0120000000000004,9.204,53.325,0.04,-0.0219999999999984,18.264999,21.355,70.139999,5.244,12.0,Centralized_AC,121.695712393,1,HIGH
489,3924.951589,79.3729554,6.181,253.9695447,43.23047528,123.2327564,46.29527641,2.487702516,-0.0139999999999993,9.204,53.325,0.04,-0.0240000000000009,18.295,21.395,69.879997,5.244,13.0,Normal_AC,124.293835872,1,HIGH
518,4172.038351,77.40636095,6.312,253.709474,46.08369935,123.6375391,46.26430738,2.525033439,-0.0120000000000004,9.202,53.325,0.04,-0.0219999999999984,18.295,21.469999,70.459999,5.232,14.0,Normal_AC,126.20494284749999,1,HIGH
485,4011.947358,82.92821837,6.407,253.2287953,45.53200987,123.5431707,46.28947343,2.616602082,-0.0120000000000004,9.2,53.275000000000006,0.04,-0.0219999999999984,18.209999,21.52,71.369995,5.22,12.0,Cassette_AC,129.03565661550002,1,HIGH
483,4016.25685,82.80116602,6.442,253.2070753,41.44656777,123.6219963,46.31260574,2.651225161,-0.0120000000000004,9.2,53.3,0.04,-0.0219999999999984,18.004999,21.52,71.389999,5.244,14.0,Normal_AC,129.5512390705,1,HIGH
517,4264.81635,82.78419307,6.499,252.4477249,44.41414963,125.4621407,46.33576184,2.6093744533333334,-0.0120000000000004,9.198,53.2,0.04,-0.0219999999999984,17.875,21.555,70.939995,5.244,13.0,Normal_AC,129.31489121950003,1,HIGH
509,4372.992383,86.16563202,6.822,252.0059727,43.0795645,124.4771554,46.26678239,2.751808726666667,-0.0120000000000004,9.198,53.3,0.04,-0.0240000000000009,18.334999,21.564999,71.519997,5.256,13.0,Cassette_AC,133.78748532500003,1,HIGH
506,4445.770614,85.71718573,6.996,251.856525,44.74552082,127.0050097,46.26583227,2.8685383420000004,-0.0139999999999993,9.196,53.3,0.04,-0.0240000000000009,17.875,21.545,72.040001,5.244,13.0,Normal_AC,138.51923080800003,1,HIGH
515,4627.731187,85.84448713,7.226,251.6384874,42.87821571,128.304688,46.35076618,2.9399843879999996,-0.0120000000000004,9.196,53.325,0.04,-0.0219999999999984,17.914999,21.52,70.07,5.244,13.0,Cassette_AC,141.1674359965,1,HIGH
481,4437.582756,91.56844065,7.346,251.5736233,41.61669811,126.5999064,46.31896278,3.023669889,-0.0120000000000004,9.194,53.225,0.0424999999999995,-0.0219999999999984,18.184999,21.539999,70.260002,5.256,14.0,Centralized_AC,143.30307798650003,1,HIGH
481,4512.340891,93.54040537,7.507,251.3338677,44.4708685,125.3819589,46.3691316,3.1064571530000005,-0.0120000000000004,9.196,53.275000000000006,0.04,-0.0219999999999984,18.539999,21.594999,68.519997,5.28,13.0,Centralized_AC,146.23183459000003,1,HIGH
518,1419.781506,27.05115846,1.0,99.60713882,40.77294024,79.4166611,45.85547037,1.232882513,-0.0120000000000004,9.194,53.325,0.04,-0.0219999999999984,18.34,21.625,68.260002,5.22,13.0,Normal_AC,64.964581701,0,MEDIUM
506,1540.576766,32.03125204,1.256,99.03483674,40.79051991,80.372805,45.85048682,1.292231885,-0.0139999999999993,9.192,53.400000000000006,0.04,-0.0240000000000009,18.639999,21.684999,67.839996,5.232,12.0,Centralized_AC,67.4987357865,0,MEDIUM
507,1603.845932,33.45513324,1.383,98.69585652,41.42147983,80.40144623,45.88191812,1.2729038910000001,-0.0139999999999993,9.19,53.325,0.04,-0.0240000000000009,18.695,21.734999,64.93,5.244,14.0,Cassette_AC,67.274700262,0,MEDIUM
495,1745.106661,37.59585096,1.695,98.40667839,41.47100672,82.12426858,45.82822054,1.340957507,-0.0120000000000004,9.19,53.325,0.04,-0.0219999999999984,19.184999,21.799999,63.0,5.256,12.0,Normal_AC,70.378443363,1,HIGH
488,1887.73982,37.16159093,2.019,98.30684937,40.30220461,82.29518822,45.81674271,1.3487876863333332,-0.0120000000000004,9.19,53.400000000000006,0.04,-0.0219999999999984,19.139999,21.975,62.129997,5.28,14.0,Normal_AC,71.12875833649998,1,HIGH
502,1997.162964,40.60246065,2.172,98.54891266,40.03582999,81.71235151,45.94168645,1.4013487079999998,-0.0120000000000004,9.188,53.325,0.04,-0.0240000000000009,19.459999,22.01,60.739998,5.22,13.0,Cassette_AC,72.82592361599998,1,HIGH
507,2095.816339,42.38467583,2.352,98.41750347,41.22354868,86.82015441,45.91919233,1.3950919823333334,-0.0120000000000004,9.188,53.3,0.04,-0.0219999999999984,19.969999,22.064999,58.449997,5.268,13.0,Cassette_AC,74.4533303745,1,HIGH
507,2185.366321,42.29511007,2.533,98.84673859,40.99607636,86.7456392,45.9374634,1.4249371890000002,-0.0120000000000004,9.188,53.325,0.04,-0.0219999999999984,19.955,22.08,57.199997,5.196,13.0,Centralized_AC,75.65793692400001,1,HIGH
517,2260.684024,45.91243241,2.629,99.25981425,40.52064277,87.42102587,45.91215508,1.45791526,-0.0120000000000004,9.186,53.325,0.04,-0.0219999999999984,20.205,22.094999,57.779999,5.256,12.0,Centralized_AC,76.93681068299999,1,HIGH
517,2333.962793,46.76448341,2.769,99.24436396,41.42861778,88.73208063,45.86616094,1.449087639,-0.0120000000000004,9.184,53.3,0.04,-0.0240000000000009,20.295,22.105,54.610001,5.256,15.0,Cassette_AC,77.41594199449999,1,HIGH
483,2270.132335,46.87945466,2.83,98.46819653,42.19552991,85.2257707,45.89475155,1.5093152526666664,-0.0120000000000004,9.182,53.275000000000006,0.04,-0.0219999999999984,20.615,22.094999,52.25,5.16,12.0,Cassette_AC,78.58322974149998,1,HIGH
482,2318.819263,46.92455262,2.935,98.86022393,42.51113781,88.43336253,45.9107372,1.5155186236666667,-0.0120000000000004,9.182,53.275000000000006,0.04,-0.0240000000000009,21.014999,22.094999,53.27,5.22,13.0,Cassette_AC,79.828570014,1,HIGH
493,2453.808758,52.52504489,3.143,99.5677139,41.46617649,89.01996116,45.8785181,1.5511052266666667,-0.0120000000000004,9.182,53.275000000000006,0.04,-0.0219999999999984,21.084999,22.084999,51.869999,5.184,13.0,Centralized_AC,81.30207356349999,1,HIGH
490,2590.418725,51.89961606,3.438,99.44763898,40.47155775,91.47267819,45.96030512,1.6405993793333333,-0.0120000000000004,9.178,53.375,0.04,-0.0240000000000009,21.18,22.055,51.079998,5.184,13.0,Normal_AC,85.04088459,1,HIGH
497,2614.183965,54.17478578,3.443,99.29470237,42.59206347,89.24260026,45.94229469,1.621765126,-0.0120000000000004,9.178,53.325,0.04,-0.0219999999999984,21.115,22.049999,50.799999,5.172,13.0,Cassette_AC,84.24641336549999,1,HIGH
491,2726.413971,57.33914165,3.714,98.85925719,40.72721948,91.49440297,45.96382225,1.7040921976666665,-0.0120000000000004,9.178,53.3,0.0375000000000005,-0.0219999999999984,21.074999,22.01,50.75,5.208,12.0,Centralized_AC,87.54094959449998,1,HIGH
501,2878.569323,58.41253002,3.944,98.52873802,42.14036067,93.3236351,46.01046678,1.725171008,-0.0120000000000004,9.178,53.325,0.04,-0.0240000000000009,21.18,21.969999,51.43,5.22,15.0,Normal_AC,89.3030931155,1,HIGH
493,2863.614808,58.88042226,3.978,99.05773457,43.47791105,92.65990563,45.92063643,1.7644782943333333,-0.0120000000000004,9.176,53.325,0.04,-0.0240000000000009,21.404999,21.904999,51.41,5.208,12.0,Centralized_AC,90.585011895,1,HIGH
496,2966.627047,58.84303191,4.156,99.33428876,40.06204475,93.28902574,45.94130048,1.7852007086666666,-0.0139999999999993,9.174,53.325,0.04,-0.0219999999999984,20.834999,21.855,55.349998,2.94,12.0,Cassette_AC,91.2075844075,1,HIGH
483,2928.779259,59.82719715,4.193,99.41195408,43.39000418,92.70463269,45.96679855,1.8357364736666668,-0.0120000000000004,9.172,53.225,0.04,-0.0240000000000009,20.285,21.814999,57.489998,2.952,7.0,Normal_AC,93.1507530095,1,HIGH
518,3221.788751,59.49934819,4.476,98.66569811,44.35544697,96.85539526,46.06891207,1.899214963333333,-0.0139999999999993,9.172,53.275000000000006,0.04,-0.0219999999999984,20.189999,21.744999,58.549999,2.964,7.0,Normal_AC,96.80361476049998,1,HIGH
503,3194.808368,65.11440095,4.562,98.17439437,40.31920499,97.20303324,46.01054632,1.9237236476666666,-0.0139999999999993,9.17,53.2,0.04,-0.0240000000000009,19.959999,21.279999,59.109997,0.0,1.0,Centralized_AC,97.1923484885,1,HIGH
491,3233.767544,65.22648808,4.739,98.05950002,42.88693616,97.74017635,46.04575529,1.9935259113333335,-0.0120000000000004,9.172,53.3,0.0424999999999995,-0.0219999999999984,19.789999,20.85,59.579998,0.0,0.0,Normal_AC,100.1603618515,1,HIGH
509,3373.627603,66.24206672,4.852,98.34024813,41.6898931,96.78411728,46.0002319,1.9923127756666668,-0.0120000000000004,9.17,53.3,0.04,-0.0219999999999984,19.629999,20.709999,60.199997,0.0,0.0,Centralized_AC,99.930896555,1,HIGH
506,3498.531287,70.02862197,5.13,97.7648741,42.23701465,98.99297381,46.0375609,2.0862302766666665,-0.0139999999999993,9.166,53.325,0.04,-0.0219999999999984,19.52,20.525,60.539997,0.0,0.0,Centralized_AC,103.93870394999999,1,HIGH
512,3560.427216,71.01626448,5.189,97.84179983,43.70094638,99.51876901,45.98709642,2.1247294923333335,-0.0120000000000004,9.168,53.225,0.04,-0.0219999999999984,19.42,20.404999,62.219997,0.0,0.0,Normal_AC,105.5627189795,1,HIGH
518,3760.710152,70.62179338,5.514,97.49055036,40.41415221,101.6229485,46.00324855,2.242726792,-0.0120000000000004,9.166,53.325,0.04,-0.0219999999999984,19.309999,20.299999,63.369999,0.0,0.0,Centralized_AC,109.78566371650001,1,HIGH
482,3587.141512,73.75639075,5.574,96.96716069,40.08841238,98.06088512,46.0246224,2.26185107,-0.0120000000000004,9.166,53.325,0.04,-0.0240000000000009,19.219999,20.18,65.019997,0.0,0.0,Normal_AC,109.54001523699999,1,HIGH
494,3689.773892,73.38859586,5.646,97.35658657,44.86429213,102.461535,46.01758595,2.281642526,-0.0120000000000004,9.164,53.25,0.04,-0.0240000000000009,19.109999,20.074999,66.080002,0.0,0.0,Normal_AC,112.0943033495,1,HIGH
508,3825.167348,74.0677058,5.752,97.36211367,43.9652281,99.07044469,46.08788588,2.3275093246666665,-0.0120000000000004,9.162,53.325,0.04,-0.0240000000000009,19.045,19.984999,65.869995,0.0,0.0,Centralized_AC,112.6996751275,1,HIGH
503,3904.144421,77.32173885,5.97,97.34413136,42.7959294,100.6326495,46.08624762,2.3907687963333335,-0.0120000000000004,9.162,53.325,0.04,-0.0240000000000009,19.004999,19.93,66.379997,0.0,0.0,Cassette_AC,115.248615675,1,HIGH
488,3838.134369,77.29486268,6.017,97.44251992,43.70595176,101.7608613,46.04927251,2.439930898333333,-0.0120000000000004,9.16,53.275000000000006,0.0424999999999995,-0.0240000000000009,18.984999,19.875,66.909996,0.0,0.0,Normal_AC,117.23653503899999,1,HIGH
494,3958.584098,77.67617338,6.181,97.46850814,41.9850074,103.9718257,46.14194081,2.5116563993333334,-0.0120000000000004,9.158,53.3,0.0375000000000005,-0.0240000000000009,18.945,19.814999,67.369995,0.0,0.0,Centralized_AC,120.009899515,1,HIGH
490,3974.935068,79.33624913,6.27,96.59946028,40.56424561,104.6610876,46.07924747,2.5609344220000003,-0.0120000000000004,9.158,53.325,0.04,-0.0219999999999984,18.92,19.754999,67.589996,0.0,0.0,Centralized_AC,121.6259414015,1,HIGH
488,4091.404732,82.99231449,6.539,96.61879713,40.79735446,106.7448195,46.06977154,2.649544455,-0.0120000000000004,9.158,53.325,0.04,-0.0219999999999984,18.895,19.705,67.830002,0.0,0.0,Cassette_AC,125.378141694,1,HIGH
489,4262.444339,86.86632348,6.865,96.45431787,42.52291037,104.2041047,46.17790565,2.8337375196666668,-0.0120000000000004,9.156,53.225,0.04,-0.0219999999999984,18.859999,19.674999,68.169998,0.0,0.0,Centralized_AC,131.17958832050002,1,HIGH
481,4319.307567,88.65283384,7.098,96.03579047,41.43042202,108.6047389,46.09067229,2.9358597953333336,-0.0139999999999993,9.156,53.275000000000006,0.0375000000000005,-0.0219999999999984,18.824999,19.625,68.209999,0.0,0.0,Normal_AC,135.645041888,1,HIGH
486,4402.391995,88.82547991,7.197,95.76766063,45.83738182,109.9956396,46.11791677,2.9944627743333334,-0.0120000000000004,9.154,53.35000000000001,0.04,-0.0219999999999984,18.764999,19.574999,68.099998,0.0,0.0,Normal_AC,138.610400403,1,HIGH
516,4675.909203,87.31133694,7.308,95.17555822,42.07636555,108.7192084,46.21483222,3.014783269,-0.0120000000000004,9.154,53.325,0.04,-0.0219999999999984,18.705,19.525,68.019997,0.0,0.0,Centralized_AC,138.55875500250002,1,HIGH
505,4677.260229,92.26397596,7.471,95.098952,40.63419799,109.183412,46.13993142,3.0749027376666667,-0.0139999999999993,9.154,53.3,0.04,-0.0219999999999984,18.645,19.465,68.040001,0.0,0.0,Normal_AC,140.5880648285,1,HIGH
1012,1914.739036,19.78153986,1.0,614.3069044,45.62273233,85.60870984,45.93182093,1.0075489826666668,-0.0120000000000004,9.152,53.150000000000006,0.0375000000000005,-0.0219999999999984,18.594999,19.414999,67.919998,0.0,0.0,Centralized_AC,60.47955678950001,0,MEDIUM
1011,1963.691493,18.59699606,1.047,606.6338733,45.59969283,88.1791936,45.9143922,1.044881951,-0.0120000000000004,9.152,53.225,0.04,-0.0240000000000009,18.545,19.365,67.919998,0.0,0.0,Centralized_AC,62.3332108545,0,MEDIUM
998,2051.530948,23.44893794,1.148,613.9588255,45.69334373,86.99798592,45.92052025,1.002239675,-0.0139999999999993,9.15,53.2,0.04,-0.0219999999999984,18.504999,19.305,67.75,0.0,0.0,Centralized_AC,60.9746882895,0,MEDIUM
994,2226.507911,25.72312684,1.329,604.2753242,44.95236741,86.62331827,45.95877842,1.0442914296666668,-0.0139999999999993,9.148,53.325,0.04,-0.0219999999999984,18.440001,19.244999,67.720001,0.0,0.0,Cassette_AC,62.39342756900001,0,MEDIUM
1002,2524.623465,25.1932289,1.621,606.0101076,45.76105725,88.50558399,45.95346007,1.0803852796666666,-0.0139999999999993,9.148,53.3,0.04,-0.0219999999999984,18.344999,19.23,67.709999,0.0,0.0,Centralized_AC,64.65211297499998,0,MEDIUM
1010,2596.099709,26.38758795,1.674,607.3322091,46.67897687,92.79620603,45.97169917,1.0712248263333333,-0.0120000000000004,9.146,53.325,0.04,-0.0240000000000009,18.275,19.234999,67.93,0.0,0.0,Normal_AC,65.693642828,0,MEDIUM
1016,2932.057508,31.30695803,1.998,612.0337429,46.96347241,93.37348984,45.99868201,1.1195135263333333,-0.0139999999999993,9.146,53.325,0.04,-0.0219999999999984,18.215,19.145,68.049995,0.0,0.0,Centralized_AC,67.9772991115,0,MEDIUM
1005,2948.383298,29.6148038,2.035,611.3841079,45.6457601,93.81668285,46.00119309,1.1142751723333333,-0.0139999999999993,9.146,53.325,0.04,-0.0240000000000009,18.164999,19.1,68.260002,0.0,0.0,Normal_AC,67.8072898975,0,MEDIUM
982,2998.283947,33.21321455,2.136,608.5915152,45.50898585,90.65884565,45.92751402,1.1281775533333331,-0.0139999999999993,9.144,53.3,0.04,-0.0240000000000009,18.164999,19.07,68.510002,0.0,0.0,Centralized_AC,67.61638588999999,0,MEDIUM
1017,3076.668456,29.31809314,2.136,602.345541,46.62094448,93.83294343,45.9570421,1.1267850609999999,-0.0139999999999993,9.142,53.325,0.04,-0.0219999999999984,18.105,19.029999,68.559998,0.0,0.0,Centralized_AC,68.53492935949998,0,MEDIUM
980,3107.119474,35.21327018,2.246,601.0037936,45.41026625,92.48766096,45.96025376,1.1644330729999999,-0.0120000000000004,9.142,53.2,0.04,-0.0219999999999984,18.094999,18.99,68.639999,0.0,0.0,Centralized_AC,69.36644736749999,0,MEDIUM
981,3332.939285,37.22280162,2.479,608.946819,46.24417414,95.58414495,45.98678594,1.2048208553333335,-0.0139999999999993,9.14,53.225,0.04,-0.0240000000000009,18.065001,18.969999,68.790001,0.0,0.0,Centralized_AC,71.9432880185,1,HIGH
982,3479.089206,37.30771233,2.626,607.8660114,47.05002078,95.37698899,45.99813246,1.2203557556666667,-0.0120000000000004,9.14,53.2,0.04,-0.0219999999999984,18.014999,18.92,68.989998,0.0,0.0,Cassette_AC,72.7724230345,1,HIGH
989,3644.029618,36.58672629,2.772,606.3422216,47.27817118,94.17162964,46.00891058,1.22293649,-0.0139999999999993,9.14,53.225,0.04,-0.0240000000000009,17.955,18.865,69.199997,0.0,0.0,Centralized_AC,72.874727787,1,HIGH
980,3820.277208,41.74050499,2.974,604.4488922,47.24113251,94.74327491,46.0623183,1.2655684513333334,-0.0139999999999993,9.138,53.125,0.04,-0.0240000000000009,17.904999,18.834999,69.419998,0.0,0.0,Centralized_AC,74.69504214399998,1,HIGH
1002,4146.199852,43.25859113,3.233,603.1026715,45.11316373,99.24587054,46.07284828,1.3311598383333334,-0.0120000000000004,9.136,53.2,0.04,-0.0219999999999984,17.875,18.799999,69.659996,0.0,0.0,Cassette_AC,77.98723734449999,1,HIGH
984,4111.556593,43.97073352,3.258,601.5391849,45.80337625,97.59037862,45.9756775,1.3277036513333333,-0.0139999999999993,9.136,53.125,0.04,-0.0240000000000009,17.824999,18.744999,69.879997,0.0,0.0,Cassette_AC,77.6232106325,1,HIGH
983,4125.938088,41.11709324,3.281,597.5297064,47.84741697,98.49823884,46.04372719,1.3487378146666666,-0.0120000000000004,9.134,53.175,0.04,-0.0219999999999984,17.805,18.705,70.099998,0.0,0.0,Cassette_AC,78.83380669549999,1,HIGH
995,4200.621147,43.90559513,3.31,605.1822124,48.20381073,96.76086238,46.02750514,1.3348756946666667,-0.0139999999999993,9.134,53.225,0.04,-0.0219999999999984,17.77,18.68,70.199997,0.0,0.0,Centralized_AC,78.0950580445,1,HIGH
983,4279.936651,44.9512417,3.437,605.2658798,45.84100293,98.51569979,46.1062423,1.3988741526666668,-0.0139999999999993,9.132,53.325,0.04,-0.0219999999999984,17.734999,18.639999,70.029999,0.0,0.0,Cassette_AC,80.35329996699998,1,HIGH
992,4467.1079,46.89910862,3.595,595.2251663,45.95718842,101.8509309,46.05158666,1.396206385,-0.0120000000000004,9.132,53.225,0.04,-0.0219999999999984,17.66,18.59,69.900002,0.0,0.0,Centralized_AC,81.44050253799999,1,HIGH
1002,4673.164575,48.08515459,3.761,603.5337071,45.71763243,101.2210454,46.0309048,1.4502951086666667,-0.0120000000000004,9.132,53.25,0.04,-0.0219999999999984,21.605,21.324999,59.48,3.0,5.0,Centralized_AC,83.20175947450001,1,HIGH
1007,4937.788723,49.59277971,4.009,594.8616045,45.27662087,102.4898179,46.12070853,1.543698,-0.0139999999999993,9.128,53.225,0.04,-0.0219999999999984,21.689999,21.344999,59.139999,2.976,9.0,Normal_AC,86.7508876055,1,HIGH
984,5133.93353,51.69098474,4.302,602.9254378,45.67104381,106.0980346,46.09987314,1.6058263716666665,-0.0139999999999993,9.128,53.150000000000006,0.0424999999999995,-0.0240000000000009,21.65,21.344999,59.109997,3.0,7.0,Centralized_AC,90.1624563715,1,HIGH
981,5269.12864,54.63987043,4.447,598.988431,49.05353533,102.8876799,46.09246112,1.6512022069999999,-0.0139999999999993,9.128,53.1,0.04,-0.0219999999999984,21.67,21.334999,59.0,2.94,7.0,Normal_AC,91.5180164845,1,HIGH
990,5498.119301,56.06117049,4.644,597.9839786,45.06852141,104.9872055,46.14806938,1.716884463666667,-0.0139999999999993,9.126,53.2,0.0375000000000005,-0.0219999999999984,19.529999,21.299999,63.73,2.928,7.0,Cassette_AC,93.80911349649999,1,HIGH
1008,5797.568917,59.29536812,4.853,596.7825561,48.60063909,105.3916567,46.07813047,1.7567820466666666,-0.0120000000000004,9.126,53.325,0.04,-0.0219999999999984,18.949999,21.205,65.0,2.94,7.0,Centralized_AC,96.05547143849999,1,HIGH
993,5796.150933,60.14634755,4.928,599.6807812,48.4360476,106.5020317,46.1242673,1.7908112223333335,-0.0120000000000004,9.124,53.225,0.04,-0.0240000000000009,16.889999,21.105,70.369995,2.928,8.0,Centralized_AC,97.47925173499999,1,HIGH
1009,6052.722539,58.91378442,5.103,600.3253673,49.79472076,108.6605376,46.08589917,1.8262374433333333,-0.0120000000000004,9.124,53.325,0.0375000000000005,-0.0240000000000009,16.625,20.99,71.040001,2.94,8.0,Cassette_AC,99.63496581399998,1,HIGH
995,6120.229552,62.73423689,5.245,599.3092277,47.90212126,109.2575608,46.17029567,1.8986872883333332,-0.0120000000000004,9.122,53.2,0.0424999999999995,-0.0219999999999984,15.04,20.885,75.659996,2.94,7.0,Cassette_AC,101.95882703899998,1,HIGH
983,6361.251627,64.71795237,5.552,592.4719168,49.91092778,110.397826,46.12376291,2.0366258133333335,-0.0120000000000004,9.122,53.175,0.04,-0.0219999999999984,17.190001,20.795,69.360001,2.892,7.0,Normal_AC,107.296870067,1,HIGH
1004,6503.030769,65.13770186,5.576,594.2443719,47.77971024,111.8239011,46.13376561,2.0136313086666666,-0.0139999999999993,9.12,53.225,0.04,-0.0219999999999984,17.855,20.824999,67.389999,2.952,8.0,Normal_AC,106.691871071,1,HIGH
993,6499.083249,67.09976822,5.632,590.8105709,46.07423172,109.1891345,46.15276772,2.0238779263333333,-0.0120000000000004,9.12,53.3,0.04,-0.0219999999999984,17.904999,20.859999,67.07,2.904,7.0,Cassette_AC,106.19675617299998,1,HIGH
986,6693.30925,66.03138061,5.869,593.1480137,48.80055641,112.0817712,46.2185423,2.1103917456666665,-0.0120000000000004,9.118,53.225,0.04,-0.0219999999999984,17.994999,20.859999,66.82,2.916,7.0,Centralized_AC,110.39827863149999,1,HIGH
1000,6854.051877,66.79028745,5.953,589.5952452,48.97031953,109.7805954,46.15233652,2.180235066333333,-0.0120000000000004,9.118,53.225,0.04,-0.0219999999999984,18.094999,20.859999,66.389999,2.94,7.0,Cassette_AC,112.1117487695,1,HIGH
986,6972.344097,69.4405762,6.155,592.8117467,44.88452451,113.9887694,46.15137471,2.229946505333333,-0.0120000000000004,9.116,53.275000000000006,0.04,-0.0219999999999984,17.965,20.885,66.849998,2.916,9.0,Cassette_AC,114.44626618649998,1,HIGH
991,7297.232001,72.02496208,6.449,590.3349495,45.51990933,112.7009977,46.22930765,2.385129261,-0.0139999999999993,9.116,53.325,0.04,-0.0240000000000009,18.195,20.914999,66.419998,2.916,7.0,Normal_AC,119.46311365449999,1,HIGH
1008,7537.02417,76.18991389,6.581,589.8031281,51.07107102,114.2412583,46.21438008,2.4290948369999996,-0.0120000000000004,9.116,53.150000000000006,0.04,-0.0240000000000009,18.174999,20.934999,66.479996,2.964,7.0,Centralized_AC,122.26382033799999,1,HIGH
981,7583.142987,74.0539919,6.807,591.6075511,51.16202176,116.9487663,46.22999371,2.5238663763333338,-0.0120000000000004,9.116,53.1,0.04,-0.0219999999999984,18.315001,21.025,66.18,2.916,7.0,Centralized_AC,126.24948612900002,1,HIGH
1010,8076.741634,78.53405531,7.1,591.9773823,47.33958818,118.1685536,46.24302395,2.654216926666667,-0.0139999999999993,9.112,53.1,0.04,-0.0240000000000009,18.9,21.094999,62.52,5.232,10.0,Normal_AC,130.477584427,1,HIGH
1019,1920.8211,21.71947683,1.0,609.9636673,51.89092182,89.76592304,45.92739115,1.0303718546666667,-0.0139999999999993,9.11,53.125,0.0424999999999995,-0.0240000000000009,19.25,21.094999,61.579998,5.244,14.0,Cassette_AC,63.144774673,0,MEDIUM
995,1945.325783,22.64379039,1.049,608.2957079,51.107406,89.03368733,45.96166464,0.9967556653333333,-0.0120000000000004,9.112,53.125,0.04,-0.0240000000000009,19.529999,21.184999,60.939999,5.28,12.0,Centralized_AC,61.933202692500004,0,MEDIUM
982,1974.332914,19.78148287,1.093,613.8498385,51.20763942,88.80329829,45.9595562,1.0188734803333332,-0.0139999999999993,9.108,53.1,0.0375000000000005,-0.0240000000000009,19.15,21.295,61.869999,5.28,13.0,Cassette_AC,62.641674895499996,0,MEDIUM
999,2027.383646,20.94636388,1.127,606.7776187,51.66846482,89.69793701,45.89043038,1.009360318,-0.0120000000000004,9.108,53.1,0.04,-0.0240000000000009,19.42,21.344999,62.309998,5.268,15.0,Centralized_AC,62.7175635155,0,MEDIUM
981,2178.281118,24.65287219,1.302,612.6197233,51.75421887,87.05142709,45.90216832,1.0443495196666666,-0.0120000000000004,9.108,53.2,0.0424999999999995,-0.0240000000000009,19.309999,21.414999,63.059998,5.28,12.0,Centralized_AC,63.46897519299999,0,MEDIUM
1003,2521.8254,28.28181484,1.617,610.8252769,51.78033207,90.84535962,45.94562087,1.0490569,-0.0120000000000004,9.106,53.175,0.04,-0.0219999999999984,19.48,21.484999,62.859997,5.262,14.0,Normal_AC,65.1920967155,0,MEDIUM
1010,2838.03373,27.63446262,1.913,607.6251387,52.17357107,94.18335082,46.03328407,1.1219239429999999,-0.0139999999999993,9.106,53.225,0.04,-0.0240000000000009,19.674999,21.564999,63.23,5.244,12.0,Centralized_AC,68.8635916555,0,MEDIUM
1005,3152.2291,31.03060996,2.24,607.3495317,52.16388467,95.54872145,46.00384213,1.1426147076666666,-0.0139999999999993,9.104,53.225,0.04,-0.0219999999999984,19.629999,21.615,63.23,5.244,13.0,Centralized_AC,70.478204293,1,HIGH
1018,3385.440346,32.09487453,2.436,608.4440314,51.71764886,94.93019112,45.98213574,1.1562926523333334,-0.0120000000000004,9.104,53.225,0.04,-0.0219999999999984,19.785,21.645,63.139999,5.268,14.0,Centralized_AC,71.05897467899999,1,HIGH
1002,3576.500343,36.66793166,2.666,605.9104185,52.6443374,97.88997997,46.0447746,1.1942834886666667,-0.0120000000000004,9.104,53.225,0.0424999999999995,-0.0219999999999984,19.184999,21.799999,64.93,5.256,13.0,Centralized_AC,73.53815026249998,1,HIGH
998,3841.314157,37.53769116,2.941,609.2276307,53.14312264,96.81590501,46.0592423,1.2454585273333334,-0.0139999999999993,9.1,53.1,0.04,-0.0240000000000009,19.219999,21.855,65.239998,5.316,13.0,Centralized_AC,75.4292004685,1,HIGH
1004,4154.797281,43.68186252,3.236,606.8098767,51.45273027,98.86443472,46.07644489,1.3186587686666666,-0.0120000000000004,9.1,53.3,0.04,-0.0240000000000009,19.369999,21.889999,65.309998,5.268,13.0,Centralized_AC,78.47378128049999,1,HIGH
987,4289.636366,44.20044696,3.428,608.6651238,52.30187708,98.89010727,46.009221,1.356633679,-0.0120000000000004,9.098,53.2,0.04,-0.0240000000000009,19.4,21.904999,65.260002,5.244,13.0,Centralized_AC,80.13081874949998,1,HIGH
1003,4504.482928,46.31691399,3.587,603.6978089,51.24296082,99.74469362,46.07195444,1.414857888,-0.0120000000000004,9.098,53.2,0.04,-0.0219999999999984,18.975,21.955,66.349998,5.256,14.0,Centralized_AC,82.250354168,1,HIGH
985,4488.86616,47.32196034,3.643,604.6262983,51.39287961,102.6126296,46.03055512,1.4174534583333334,-0.0139999999999993,9.098,53.125,0.04,-0.0240000000000009,19.449999,22.0,64.849998,5.28,13.0,Normal_AC,83.1796930915,1,HIGH
984,4787.841072,47.23591947,3.95,607.2445585,52.96530759,100.5465834,46.12399993,1.5088673163333333,-0.0139999999999993,9.098,53.2,0.04,-0.0219999999999984,19.24,22.01,65.970001,5.244,13.0,Centralized_AC,86.2554614785,1,HIGH
996,4929.963971,52.13055794,4.046,604.4381013,53.11788251,103.0138717,46.09403947,1.533736338,-0.0139999999999993,9.096,53.1,0.04,-0.0240000000000009,19.139999,22.049999,66.849998,5.256,13.0,Cassette_AC,87.83324044149998,1,HIGH
986,4917.190323,49.44986405,4.068,601.8201283,51.33523135,104.3351316,46.08117309,1.5529683803333334,-0.0120000000000004,9.094,53.125,0.04,-0.0219999999999984,19.35,22.129999,66.290001,5.292,13.0,Cassette_AC,88.51711901249999,1,HIGH
997,5139.804426,52.29800707,4.252,605.0039033,51.0262619,102.1968779,46.09145536,1.612301733,-0.0120000000000004,9.094,53.225,0.04,-0.0219999999999984,19.119999,22.23,66.839996,5.316,14.0,Normal_AC,90.08421075,1,HIGH
1011,5247.940288,51.22979116,4.3,603.9048785,51.35301603,105.1116298,46.11040023,1.6194737163333333,-0.0120000000000004,9.094,53.225,0.04,-0.0240000000000009,19.0,22.309999,67.369995,5.232,13.0,Normal_AC,91.17307134449999,1,HIGH
1015,5481.657861,55.28326914,4.512,605.1511999,54.90779858,104.3479744,46.12975896,1.6708933493333333,-0.0120000000000004,9.092,53.125,0.04,-0.0219999999999984,18.975,22.4,67.229996,5.268,12.0,Cassette_AC,93.48196386699999,1,HIGH
993,5421.783518,53.62310144,4.552,599.5682849,50.99890591,105.8437726,46.05512691,1.692097357333333,-0.0139999999999993,9.09,53.175,0.04,-0.0219999999999984,19.0,22.424999,67.279999,5.244,14.0,Centralized_AC,93.9856997565,1,HIGH
986,5482.828612,54.51051059,4.643,602.80485,51.3984013,105.6531886,46.10101845,1.717762541,-0.0139999999999993,9.088,53.1,0.04,-0.0219999999999984,19.094999,22.445,67.019997,5.268,12.0,Normal_AC,94.949933575,1,HIGH
1014,5708.076919,58.2487146,4.738,598.1710604,53.90992563,107.085616,46.06424715,1.7317351859999999,-0.0139999999999993,9.088,53.225,0.04,-0.0219999999999984,19.344999,22.48,66.290001,5.232,13.0,Cassette_AC,96.29394842449999,1,HIGH
990,5859.1001,60.1489673,5.004,602.6304446,54.39335183,107.2843715,46.13735587,1.8291441143333333,-0.0120000000000004,9.088,53.2,0.0424999999999995,-0.0219999999999984,19.109999,22.389999,67.279999,5.208,14.0,Centralized_AC,99.8709190795,1,HIGH
1018,6154.282684,59.46969793,5.16,594.1810847,51.52902538,108.0655443,46.1985367,1.8783431513333333,-0.0120000000000004,9.086,53.25,0.04,-0.0240000000000009,18.84,22.285,67.580002,5.244,13.0,Normal_AC,101.42403442199999,1,HIGH
998,6121.86396,62.00660397,5.226,598.9939181,55.82631601,109.9768432,46.12668354,1.8859660410000003,-0.0139999999999993,9.084,53.225,0.04,-0.0240000000000009,18.814999,22.205,68.639999,5.28,13.0,Cassette_AC,102.90713943150001,1,HIGH
1001,6377.344328,63.90029178,5.465,601.4712617,51.70700585,110.5165798,46.12260404,1.9790208123333333,-0.0120000000000004,9.086,53.2,0.04,-0.0219999999999984,19.0,22.15,68.269997,5.292,13.0,Centralized_AC,105.69382019749999,1,HIGH
1006,6691.995361,63.84880145,5.755,600.1121878,54.41435386,111.2538379,46.1954914,2.0937798766666664,-0.0120000000000004,9.084,53.125,0.04,-0.0240000000000009,18.91,22.119999,68.360001,5.292,13.0,Cassette_AC,110.30700885399999,1,HIGH
1010,6818.495035,65.85911694,5.859,593.8168116,56.11386455,111.9192678,46.18473876,2.1136017876666666,-0.0139999999999993,9.082,53.25,0.04,-0.0219999999999984,18.695,22.074999,69.07,5.268,14.0,Cassette_AC,111.5309502625,1,HIGH
1005,6884.725157,70.28833244,5.949,592.3700227,55.58321877,110.989013,46.20934128,2.1715180476666665,-0.0120000000000004,9.082,53.225,0.04,-0.0240000000000009,18.84,22.039999,69.129997,5.268,13.0,Cassette_AC,113.13627749549998,1,HIGH
1019,7242.455422,71.94410754,6.221,598.9847193,53.02612759,111.5343874,46.18540871,2.2683816573333337,-0.0120000000000004,9.08,53.2,0.0375000000000005,-0.0219999999999984,18.824999,22.01,69.400002,5.268,13.0,Cassette_AC,116.3384657085,1,HIGH
981,7078.95207,73.67813354,6.294,593.9404338,50.95727117,114.9019865,46.19666271,2.2947676986666665,-0.0120000000000004,9.08,53.225,0.04,-0.0219999999999984,18.639999,21.939999,69.729996,5.268,13.0,Centralized_AC,117.80811826049998,1,HIGH
987,7391.394208,76.43543492,6.575,592.6797864,54.76239871,115.7089386,46.22490906,2.4293676103333333,-0.0139999999999993,9.078,53.2,0.04,-0.0219999999999984,18.9,21.844999,70.110001,5.244,13.0,Centralized_AC,123.18062276650001,1,HIGH
1013,7875.421226,77.30762653,6.879,595.2697248,58.00278257,116.0096746,46.22100351,2.5854620980000003,-0.0120000000000004,9.076,53.25,0.04,-0.0219999999999984,18.52,21.814999,71.239998,5.256,14.0,Normal_AC,129.0326989755,1,HIGH
997,7981.143007,80.66307788,7.1,594.1210206,51.99194567,118.0323493,46.27645429,2.679367408333333,-0.0120000000000004,9.076,53.125,0.04,-0.0219999999999984,18.264999,21.744999,71.909996,5.268,13.0,Normal_AC,131.8959014255,1,HIGH
1015,8267.485206,78.16237639,7.254,593.791249,52.866461,121.5526406,46.24129209,2.7495040656666667,-0.0139999999999993,9.076,53.1,0.0375000000000005,-0.0219999999999984,18.084999,21.664999,72.110001,5.268,13.0,Cassette_AC,135.31875126999998,1,HIGH
993,8200.599309,83.58220118,7.351,590.5476977,58.00549663,119.4761682,46.23030615,2.8032478656666666,-0.0120000000000004,9.074,53.125,0.04,-0.0240000000000009,18.695,21.184999,70.459999,0.0,2.0,Normal_AC,137.37730251450003,1,HIGH
985,8402.617976,82.49045832,7.613,590.4618593,57.00533262,118.7672466,46.24909372,2.9344813990000005,-0.0139999999999993,9.074,53.125,0.04,-0.0219999999999984,19.209999,20.84,69.669998,0.0,0.0,Cassette_AC,141.51105351300004,1,HIGH
1015,8823.835952,86.76212538,7.801,589.2881948,57.91481888,124.0637664,46.22246707,2.9856467226666665,-0.0120000000000004,9.074,53.125,0.04,-0.0240000000000009,19.459999,20.6,69.139999,0.0,0.0,Normal_AC,144.882566112,1,HIGH
993,1898.833799,18.23458366,1.0,613.4050564,44.93949914,95.43872937,46.01735601,0.996265302,-0.0139999999999993,9.07,53.1,0.04,-0.0219999999999984,19.609999,20.439999,68.75,0.0,0.0,Normal_AC,62.4965662735,0,MEDIUM
985,1971.257693,21.30460802,1.081,613.5935674,45.0548395,98.34030057,46.02375384,1.0187203856666667,-0.0139999999999993,9.07,53.075,0.04,-0.0219999999999984,19.699999,20.4,68.489998,0.0,0.0,Centralized_AC,64.07491263749999,0,MEDIUM
1002,2105.84681,25.00440205,1.201,606.3698545,45.64575001,96.74072358,46.09498078,1.0382220656666667,-0.0120000000000004,9.07,53.1,0.04,-0.0219999999999984,19.75,20.35,68.5,0.0,0.0,Normal_AC,64.5887053665,0,MEDIUM
1005,2241.482253,22.77657481,1.332,613.3682688,45.65479247,98.40678437,46.0512181,1.0491434913333333,-0.0120000000000004,9.068,53.125,0.04,-0.0240000000000009,19.76,20.299999,68.419998,0.0,0.0,Centralized_AC,65.596219703,0,MEDIUM
988,2379.190177,26.18963813,1.493,613.5574854,45.00302276,101.0390368,45.9970008,1.034661802,-0.0139999999999993,9.068,53.1,0.04,-0.0219999999999984,19.76,20.26,68.279999,0.0,0.0,Cassette_AC,66.04406667399999,0,MEDIUM
996,2465.256234,26.26779532,1.568,608.9284732,45.86086337,100.7402405,46.09443488,1.0553500353333334,-0.0120000000000004,9.068,53.125,0.04,-0.0240000000000009,19.74,20.205,68.279999,0.0,0.0,Centralized_AC,66.8686906905,0,MEDIUM
1020,2796.211051,28.3076794,1.858,608.6613077,45.40446233,102.8576316,46.00875715,1.0989748763333334,-0.0139999999999993,9.066,53.075,0.04,-0.0219999999999984,19.605,20.184999,69.939995,0.0,0.0,Normal_AC,69.21832353949999,0,MEDIUM
1007,2849.995865,27.00375323,1.931,611.9903825,46.23383556,100.3945607,46.05537649,1.0926876146666666,-0.0139999999999993,9.062,53.125,0.04,-0.0240000000000009,19.6,20.17,70.549995,0.0,0.0,Cassette_AC,68.684343949,0,MEDIUM
1002,2908.240296,32.61615841,2.004,601.5791244,45.32100424,104.5131178,46.03617999,1.1347126906666667,-0.0120000000000004,9.064,53.1,0.0375000000000005,-0.0240000000000009,19.59,20.135,70.909996,0.0,0.0,Cassette_AC,70.98331080599999,1,HIGH
1016,3026.993168,30.16714808,2.088,609.7324393,45.31515689,103.5275976,46.03852696,1.1476265046666667,-0.0139999999999993,9.062,53.1,0.04,-0.0219999999999984,19.6,20.115,71.110001,0.0,0.0,Normal_AC,71.2919680735,1,HIGH
1018,3324.928878,34.52310324,2.378,603.5625579,47.51824742,103.3116718,46.06410452,1.1347905836666667,-0.0139999999999993,9.06,53.125,0.04,-0.0219999999999984,19.59,20.1,71.299995,0.0,0.0,Normal_AC,71.76337257299998,1,HIGH
984,3254.043764,33.06093624,2.389,608.9298117,47.00502526,106.0718846,46.09217232,1.19158749,-0.0120000000000004,9.06,53.175,0.0375000000000005,-0.0219999999999984,19.6,20.074999,71.43,0.0,0.0,Cassette_AC,74.101849639,1,HIGH
1020,3559.650874,35.98205011,2.603,608.1829671,47.32510849,108.0931193,46.14810717,1.1898462710000002,-0.0120000000000004,9.06,53.1,0.0375000000000005,-0.0219999999999984,19.609999,20.055,71.510002,0.0,0.0,Centralized_AC,75.0309342285,1,HIGH
1017,3706.847576,39.47981211,2.756,607.0853163,47.58009913,105.5527134,46.11677056,1.2252161936666666,-0.0139999999999993,9.058,53.150000000000006,0.04,-0.0219999999999984,19.609999,20.045,71.619995,0.0,0.0,Cassette_AC,75.8016790295,1,HIGH
985,3748.034646,38.76312754,2.888,607.9952186,46.04633597,104.4582039,46.1502987,1.2658343953333333,-0.0120000000000004,9.056,53.150000000000006,0.04,-0.0240000000000009,19.609999,20.035,71.619995,0.0,0.0,Cassette_AC,76.7805332305,1,HIGH
986,3926.790161,38.37799852,3.068,601.1320725,44.8700535,108.5794541,46.0750881,1.287655159,-0.0139999999999993,9.056,53.175,0.04,-0.0240000000000009,19.639999,20.029999,71.580002,0.0,0.0,Centralized_AC,78.64902632,1,HIGH
998,4292.783515,43.43646517,3.395,602.2733914,45.19370403,107.4356889,46.17358464,1.3414303093333333,-0.0120000000000004,9.056,53.1,0.04,-0.0219999999999984,19.645,20.014999,71.57,0.0,0.0,Centralized_AC,80.67888710950001,1,HIGH
1007,4515.191142,47.23918726,3.587,599.9702115,46.95989311,109.2600931,46.16593903,1.422643731,-0.0120000000000004,9.056,53.125,0.04,-0.0240000000000009,19.639999,20.004999,71.540001,0.0,0.0,Cassette_AC,84.2203191715,1,HIGH
1011,4695.612515,48.11872621,3.751,605.6774358,46.01975438,112.156457,46.1573832,1.4325671013333334,-0.0139999999999993,9.052,53.125,0.04,-0.0219999999999984,19.65,20.004999,71.510002,0.0,0.0,Centralized_AC,85.429090447,1,HIGH
991,4888.70708,51.84084275,4.024,594.6910817,45.69990024,113.4156313,46.18058781,1.532127137,-0.0139999999999993,9.05,53.1,0.04,-0.0240000000000009,19.639999,19.994999,71.589996,0.0,0.0,Normal_AC,89.22870697100001,1,HIGH
987,4924.157863,52.06677709,4.075,596.1119174,46.26008618,111.9487618,46.12839289,1.556085612333333,-0.0120000000000004,9.05,53.1,0.04,-0.0240000000000009,19.67,19.984999,71.489998,0.0,0.0,Cassette_AC,89.76677174699999,1,HIGH
983,4926.607823,48.63632004,4.09,597.0989413,46.01087969,113.3829519,46.16265765,1.5576310643333333,-0.0139999999999993,9.05,53.125,0.04,-0.0219999999999984,19.66,19.975,71.519997,0.0,0.0,Cassette_AC,90.16430185850001,1,HIGH
1006,5181.08822,52.13871621,4.254,598.0254859,46.77867763,113.7508409,46.18255988,1.5951847709999998,-0.0139999999999993,9.048,53.1,0.04,-0.0240000000000009,19.639999,19.975,71.57,0.0,0.0,Centralized_AC,91.82605499949999,1,HIGH
992,5224.842615,52.1392961,4.354,595.9078728,46.11077256,113.5425736,46.25675279,1.640739466,-0.0139999999999993,9.046,53.1,0.04,-0.0240000000000009,19.65,19.975,71.510002,0.0,0.0,Centralized_AC,93.24044326399999,1,HIGH
1004,5382.130985,54.91678623,4.464,598.8119288,46.73113773,113.6005896,46.18198567,1.6615358740000001,-0.0139999999999993,9.046,53.175,0.04,-0.0219999999999984,19.639999,19.975,71.510002,0.0,0.0,Cassette_AC,94.19189427949999,1,HIGH
1018,5519.739109,54.90278192,4.531,592.2357469,48.98975262,114.2863977,46.25164151,1.6678664083333334,-0.0120000000000004,9.046,53.075,0.04,-0.0240000000000009,19.59,19.975,71.540001,0.0,0.0,Normal_AC,95.026054568,1,HIGH
1010,5677.93353,54.11853384,4.73,595.9650304,47.49279548,116.3094863,46.2636957,1.7076237069999998,-0.0120000000000004,9.044,53.025000000000006,0.04,-0.0240000000000009,19.59,19.975,71.610001,0.0,0.0,Cassette_AC,96.89800210700001,1,HIGH
1011,5998.723405,61.39900058,5.038,599.8696517,47.78842381,115.426196,46.26009023,1.8166235650000002,-0.0120000000000004,9.044,53.125,0.04,-0.0219999999999984,19.629999,19.965,71.479996,0.0,0.0,Normal_AC,100.60751952150001,1,HIGH
1018,6205.753678,60.95802857,5.207,595.4960057,45.51154021,116.577663,46.24316557,1.8634885669999999,-0.0139999999999993,9.04,53.0,0.04,-0.0240000000000009,19.6,19.975,71.479996,0.0,0.0,Cassette_AC,102.2978037915,1,HIGH
997,6170.317475,61.94558601,5.28,595.8831936,49.83891229,117.5776492,46.287414,1.9117555960000001,-0.0120000000000004,9.042,53.0,0.04,-0.0219999999999984,19.57,19.984999,71.540001,0.0,0.0,Normal_AC,104.79091702350001,1,HIGH
997,6412.475698,62.94531376,5.526,592.2278562,48.84381409,120.0619147,46.2630698,2.0215154243333333,-0.0120000000000004,9.04,53.1,0.04,-0.0219999999999984,19.57,19.975,71.479996,0.0,0.0,Normal_AC,109.04751351850001,1,HIGH
982,6341.532208,62.81777715,5.539,590.0139425,49.47223935,122.1459762,46.24901014,2.0128175936666666,-0.0139999999999993,9.038,53.1,0.04,-0.0219999999999984,19.58,19.965,71.459999,0.0,0.0,Centralized_AC,109.4278577625,1,HIGH
985,6389.905084,63.8688262,5.572,590.2891333,48.76820135,119.8481872,46.22552902,2.0200760023333335,-0.0120000000000004,9.038,53.075,0.04,-0.0219999999999984,19.58,19.969999,71.419998,0.0,0.0,Normal_AC,109.03155707250001,1,HIGH
1002,6692.146531,65.92789701,5.776,593.7026574,47.23013469,121.2870071,46.24297081,2.084411725666667,-0.0139999999999993,9.038,53.075,0.04,-0.0219999999999984,19.58,19.969999,71.369995,0.0,0.0,Cassette_AC,111.49862374850001,1,HIGH
985,6660.25934,69.1764674,5.843,589.3994699,47.30017319,120.1842484,46.25891826,2.10569125,-0.0139999999999993,9.036,53.125,0.04,-0.0240000000000009,19.57,19.965,71.459999,0.0,0.0,Normal_AC,112.00582557850001,1,HIGH
1013,6853.944045,68.62341015,5.872,591.3252473,50.00680759,124.0922023,46.2501642,2.1448158763333334,-0.0120000000000004,9.036,53.125,0.0375000000000005,-0.0219999999999984,19.57,19.975,71.400002,0.0,0.0,Normal_AC,114.62004800349999,1,HIGH
997,6834.8391,68.11196397,5.95,590.5140648,49.3744666,122.4832165,46.27974873,2.1479925676666665,-0.0139999999999993,9.034,53.05,0.04,-0.0219999999999984,19.57,19.975,71.369995,0.0,0.0,Normal_AC,114.37475114499999,1,HIGH
1020,7162.392125,68.47789097,6.134,588.656776,48.69736752,125.9192925,46.32964285,2.218616444333333,-0.0139999999999993,9.034,53.075,0.0375000000000005,-0.0240000000000009,18.82,21.695,72.110001,5.292,9.0,Cassette_AC,117.61842158299999,1,HIGH
997,7023.150739,71.34424728,6.135,589.9578943,48.49235014,124.5257398,46.29569769,2.2245301336666663,-0.0139999999999993,9.032,53.0,0.04,-0.0219999999999984,18.93,21.57,71.860001,5.256,13.0,Centralized_AC,117.41919148099997,1,HIGH
1020,7383.937439,72.42637897,6.356,593.0432466,48.90499275,124.8787836,46.27591878,2.3164915133333333,-0.0139999999999993,9.032,53.1,0.04,-0.0219999999999984,19.5,21.504999,70.339996,5.256,13.0,Normal_AC,120.7701902125,1,HIGH
995,1895.827527,18.84997917,1.0,531.1535852,45.3678853,106.2003747,46.12493914,1.0218611273333333,-0.0139999999999993,9.032,53.125,0.04,-0.0240000000000009,19.969999,21.494999,69.0,5.232,13.0,Centralized_AC,66.01911028999999,0,MEDIUM
991,1990.789103,23.46947885,1.096,530.5029145,45.01992893,107.8799787,46.08643069,1.0485985303333334,-0.0120000000000004,9.03,53.025000000000006,0.04,-0.0219999999999984,18.35,21.504999,73.549995,5.208,14.0,Cassette_AC,67.3809399245,0,MEDIUM
1006,2134.703709,24.38325298,1.224,536.1191173,45.81844813,108.2979887,46.09216382,1.0288435853333333,-0.0139999999999993,9.028,53.025000000000006,0.04,-0.0219999999999984,15.924999,21.414999,80.549995,5.244,13.0,Centralized_AC,67.26857195449999,0,MEDIUM
993,2425.679792,23.73492343,1.531,529.7923904,45.50324534,110.4241671,46.13026314,1.0438022433333334,-0.0120000000000004,9.028,53.025000000000006,0.04,-0.0219999999999984,15.615,21.264999,81.459999,5.244,13.0,Centralized_AC,68.81559587599999,0,MEDIUM
1017,2648.957187,25.17004068,1.715,536.2893888,45.2275504,110.8889059,46.12344084,1.0581735336666667,-0.0120000000000004,9.026,53.05,0.04,-0.0219999999999984,16.32,21.184999,80.129997,5.256,13.0,Normal_AC,69.689565045,0,MEDIUM
1001,2827.011346,30.38999772,1.919,526.1286781,45.53203429,110.1180264,46.18603191,1.1190276023333334,-0.0139999999999993,9.026,53.0,0.04,-0.0219999999999984,17.715,21.164999,75.949997,5.196,13.0,Centralized_AC,71.7761398135,1,HIGH
1013,2990.118261,32.36835783,2.061,528.6404431,45.38723212,114.2500954,46.20249645,1.1129679426666665,-0.0139999999999993,9.024,53.075,0.0424999999999995,-0.0219999999999984,18.145,21.205,73.970001,3.636,14.0,Cassette_AC,72.890146948,1,HIGH
996,3141.102083,33.00425589,2.247,525.3085624,44.97874581,110.6404241,46.14971195,1.1311588383333333,-0.0120000000000004,9.024,53.0,0.0375000000000005,-0.0219999999999984,17.234999,21.205,76.290001,2.928,7.0,Centralized_AC,72.84318304649999,1,HIGH
1017,3347.247341,35.76345303,2.403,526.1569668,45.95587607,114.8194454,46.23609774,1.1644495733333333,-0.0120000000000004,9.022,53.125,0.04,-0.0219999999999984,17.625,21.164999,76.540001,5.292,9.0,Centralized_AC,75.3457299605,1,HIGH
991,3443.05019,37.21590292,2.566,530.8469183,45.39925932,116.004053,46.15663086,1.2076507513333332,-0.0139999999999993,9.02,53.2,0.04,-0.0240000000000009,18.174999,21.164999,75.099998,5.268,14.0,Normal_AC,77.180424688,1,HIGH
1012,3529.538303,34.10276441,2.596,522.0308416,46.78493866,112.5634648,46.24148832,1.1836165699999999,-0.0139999999999993,9.018,53.125,0.04,-0.0240000000000009,17.965,21.145,75.849998,5.232,13.0,Centralized_AC,75.867104099,1,HIGH
985,3594.409123,37.96186188,2.731,522.2896463,46.27392075,113.3854315,46.185544,1.254628307,-0.0139999999999993,9.018,53.075,0.04,-0.0219999999999984,17.859999,21.164999,76.299995,5.304,13.0,Normal_AC,78.3962951975,1,HIGH
1003,3754.713751,40.12613505,2.839,524.0679758,45.58566684,113.7719871,46.1592347,1.2790276783333334,-0.0139999999999993,9.018,53.025000000000006,0.04,-0.0219999999999984,17.975,21.164999,76.239998,5.256,13.0,Centralized_AC,79.337677151,1,HIGH
987,3804.251636,41.17559029,2.939,525.3178751,45.08087357,116.364447,46.19427329,1.258141107,-0.0120000000000004,9.02,53.025000000000006,0.04,-0.0240000000000009,18.07,21.164999,75.949997,5.268,13.0,Centralized_AC,79.4834759955,1,HIGH
999,3909.724786,42.41595712,3.012,524.2665093,46.61212491,115.3014078,46.26602396,1.267658776,-0.0120000000000004,9.016,53.125,0.04,-0.0219999999999984,17.795,21.164999,76.949997,5.268,14.0,Normal_AC,79.87893396649999,1,HIGH
989,4001.552044,43.02687899,3.131,517.6440129,47.28635683,116.9484774,46.25677529,1.3104573013333332,-0.0139999999999993,9.016,53.125,0.04,-0.0219999999999984,17.74,21.174999,77.25,5.232,13.0,Normal_AC,81.9137919145,1,HIGH
984,4281.37116,41.63691645,3.431,521.6734757,46.74353842,119.5123212,46.26062939,1.3870878233333332,-0.0120000000000004,9.014,53.175,0.0375000000000005,-0.0240000000000009,17.775,21.209999,77.309998,5.244,12.0,Normal_AC,85.37174576299998,1,HIGH
996,4337.121412,42.03541056,3.451,514.7555052,46.84751468,117.6294886,46.21893891,1.3620284216666665,-0.0139999999999993,9.014,53.0,0.04,-0.0240000000000009,18.225,21.234999,75.970001,5.232,14.0,Centralized_AC,84.205352002,1,HIGH
1014,4475.793732,46.92742088,3.526,520.7438948,46.82411162,119.6481078,46.23251743,1.398175911,-0.0139999999999993,9.012,53.125,0.04,-0.0219999999999984,17.945,21.264999,76.909996,5.232,13.0,Normal_AC,85.94092102300002,1,HIGH
982,4457.683131,46.82298584,3.619,519.1713701,46.55251338,119.1802263,46.25929226,1.4392357716666666,-0.0139999999999993,9.012,53.1,0.04,-0.0240000000000009,17.875,21.295,77.089996,5.244,14.0,Centralized_AC,87.201006732,1,HIGH
1017,4807.921691,46.62352296,3.84,517.3185402,46.1755535,120.9827552,46.2345534,1.4527500676666667,-0.0139999999999993,9.01,53.1,0.04,-0.0219999999999984,18.164999,21.305,76.599998,5.244,13.0,Cassette_AC,88.44252385499999,1,HIGH
993,4801.6956,48.7033033,3.927,515.2111576,47.86604729,119.3802371,46.28666661,1.5072207723333335,-0.0139999999999993,9.01,53.025000000000006,0.04,-0.0219999999999984,18.08,21.344999,76.970001,5.244,12.0,Centralized_AC,90.1035895385,1,HIGH
980,4866.467591,51.02201906,4.045,516.7376654,44.82038328,123.2382531,46.24934423,1.5289733313333336,-0.0139999999999993,9.008,53.0,0.0375000000000005,-0.0219999999999984,18.07,21.375,77.049995,5.22,13.0,Normal_AC,91.499320707,1,HIGH
996,5093.289154,52.98057901,4.209,506.5064393,48.94325967,123.9473087,46.28817361,1.5558493853333335,-0.0139999999999993,9.008,53.025000000000006,0.04,-0.0219999999999984,17.975,21.414999,77.239998,5.304,13.0,Normal_AC,93.42979768550002,1,HIGH
1004,5341.596969,55.53630126,4.418,513.4531148,46.47096912,122.4640896,46.24766332,1.614981246,-0.0139999999999993,9.008,53.0,0.04,-0.0219999999999984,18.074999,21.434999,77.189995,5.28,13.0,Normal_AC,94.880105148,1,HIGH
989,5540.941846,55.13139791,4.687,512.5912112,46.30718598,125.9108157,46.31301267,1.726982916,-0.0120000000000004,9.006,53.0,0.04,-0.0240000000000009,18.055,21.455,77.32,5.292,15.0,Normal_AC,99.61526930199999,1,HIGH
994,5761.092341,59.84486487,4.888,509.6178805,47.86033731,127.7681083,46.30646462,1.7970479566666668,-0.0139999999999993,9.006,53.1,0.04,-0.0219999999999984,17.895,21.484999,77.82,5.22,12.0,Cassette_AC,102.8165163715,1,HIGH
985,5854.077401,61.3379149,5.024,504.1905092,47.0193352,124.2427346,46.35428527,1.8095705276666667,-0.0139999999999993,9.002,53.025000000000006,0.04,-0.0219999999999984,18.404999,21.014999,76.400002,0.0,2.0,Normal_AC,102.45669976,1,HIGH
1007,6161.559306,62.29884592,5.225,505.5827306,50.22388046,127.2304908,46.29427344,1.8753923373333334,-0.0139999999999993,9.002,53.150000000000006,0.04,-0.0219999999999984,18.885,20.5,75.290001,0.0,0.0,Centralized_AC,106.06097488900001,1,HIGH
1015,6273.665306,61.60133412,5.293,500.0913128,49.06955225,128.9442927,46.3750091,1.9200600103333334,-0.0139999999999993,9.002,53.025000000000006,0.04,-0.0240000000000009,19.119999,20.32,75.220001,0.0,0.0,Normal_AC,107.7923063225,1,HIGH
1013,6312.583185,63.24697905,5.34,504.3290275,45.67382565,129.2391372,46.34810608,1.927746473,-0.0139999999999993,9.0,53.025000000000006,0.04,-0.0219999999999984,19.225,20.17,74.82,0.0,0.0,Normal_AC,107.6812523375,1,HIGH
1006,6278.65301,63.2845058,5.345,499.1639131,48.57958615,129.274649,46.33882725,1.9160514776666666,-0.0139999999999993,9.0,53.0,0.04,-0.0240000000000009,19.264999,20.064999,74.360001,0.0,0.0,Normal_AC,107.7851445025,1,HIGH
988,6345.899679,61.39633817,5.51,497.8271528,47.92594903,129.5938712,46.27054453,1.985270563,-0.0139999999999993,8.998,53.0,0.0424999999999995,-0.0240000000000009,19.344999,19.984999,73.549995,0.0,0.0,Normal_AC,110.17397704449999,1,HIGH
1005,6483.610747,63.04500618,5.552,504.6694846,50.36664543,129.5058243,46.32252434,2.0127568363333332,-0.0139999999999993,8.998,53.075,0.04,-0.0219999999999984,19.389999,19.984999,73.729996,0.0,0.0,Centralized_AC,111.42615797949999,1,HIGH
997,6724.18036,68.28838681,5.84,498.2742666,45.87067997,130.1303492,46.35741057,2.136386455,-0.0120000000000004,8.996,53.0,0.04,-0.0219999999999984,19.42,19.984999,73.809998,0.0,0.0,Centralized_AC,115.19278294549999,1,HIGH
1020,7076.003273,70.81034713,6.055,502.4714525,48.05310519,133.252707,46.42262213,2.176904909666667,-0.0139999999999993,8.994,53.025000000000006,0.0424999999999995,-0.0219999999999984,19.49,20.004999,73.839996,0.0,0.0,Normal_AC,117.9467898185,1,HIGH
1001,7191.242439,73.40243318,6.281,495.3460986,50.36284358,133.8436857,46.42233709,2.2932790003333334,-0.0120000000000004,8.994,53.0,0.04,-0.0219999999999984,19.539999,20.029999,73.909996,0.0,0.0,Centralized_AC,122.38371797199999,1,HIGH
1005,7513.810451,71.79625986,6.575,502.2839073,50.67390782,132.6266246,46.44095795,2.4384869183333335,-0.0139999999999993,8.994,53.0,0.04,-0.0219999999999984,19.6,19.955,73.519997,0.0,0.0,Normal_AC,127.07034987300001,1,HIGH
986,7516.464815,73.02655505,6.709,495.1115767,48.77698754,136.7555464,46.44635471,2.474840260666667,-0.0139999999999993,8.994,53.0,0.04,-0.0219999999999984,19.67,19.975,73.199997,0.0,0.0,Centralized_AC,129.17664255100001,1,HIGH
1015,8015.075517,76.97418284,7.004,497.1947509,46.79334449,137.8784152,46.40561689,2.6302864906666668,-0.0139999999999993,8.992,53.025000000000006,0.04,-0.0219999999999984,19.674999,20.004999,73.389999,0.0,0.0,Cassette_AC,134.4132001935,1,HIGH
990,1892.916352,21.56300332,1.0,191.007318,45.07484571,89.30752378,45.92994771,0.9977161606666667,-0.0139999999999993,8.99,53.025000000000006,0.04,-0.0219999999999984,19.689999,20.029999,73.519997,0.0,0.0,Centralized_AC,61.027592621500006,0,MEDIUM
1020,2022.392138,23.56759188,1.1,196.5084957,45.7385086,87.26997316,45.9406208,1.017098449,-0.0139999999999993,8.99,53.1,0.04,-0.0240000000000009,19.74,20.004999,73.610001,0.0,0.0,Centralized_AC,61.39922305000001,0,MEDIUM
1008,2309.534686,24.6176125,1.392,190.4265831,45.28415395,87.3119978,45.93213772,1.0239881673333333,-0.0139999999999993,8.988,53.1,0.04,-0.0219999999999984,19.764999,20.004999,73.580002,0.0,0.0,Centralized_AC,62.1322675625,0,MEDIUM
992,2317.478645,27.15332398,1.428,187.1554088,46.03638359,87.56106739,45.92417324,1.043964435,-0.0139999999999993,8.988,53.0,0.04,-0.0240000000000009,19.789999,20.029999,73.470001,0.0,0.0,Centralized_AC,62.978657436000006,0,MEDIUM
998,2657.732479,29.71627577,1.758,187.5491648,45.75912604,93.28995155,45.95986133,1.1141672416666666,-0.0120000000000004,8.988,53.025000000000006,0.04,-0.0219999999999984,19.82,20.035,73.879997,0.0,0.0,Normal_AC,67.1353740435,0,MEDIUM
1013,2934.461719,28.04991363,2.005,193.1537371,47.00408778,94.53830318,45.91585616,1.1095865406666665,-0.0139999999999993,8.986,52.95,0.04,-0.0240000000000009,19.959999,20.055,74.159996,0.0,0.0,Centralized_AC,67.990785182,0,MEDIUM
996,3016.958406,30.47428203,2.122,188.644987,45.60770387,92.82096064,46.01955204,1.1442055296666667,-0.0120000000000004,8.984,53.0,0.04,-0.0240000000000009,19.969999,20.074999,73.369995,0.0,0.0,Centralized_AC,68.6245616305,0,MEDIUM
1011,3088.05227,31.78985349,2.159,191.5747494,45.22150203,95.44385812,46.0269188,1.1333932846666668,-0.0139999999999993,8.984,52.95,0.04,-0.0240000000000009,19.965,20.1,73.290001,0.0,0.0,Centralized_AC,68.97198837449999,0,MEDIUM
993,3130.740648,32.91768833,2.243,195.5507083,46.68387617,95.77548603,46.0104634,1.1416964883333334,-0.0139999999999993,8.982,53.0,0.04,-0.0219999999999984,19.969999,20.1,73.159996,0.0,0.0,Normal_AC,69.691347583,0,MEDIUM
997,3322.175551,32.41628503,2.424,192.7291313,46.23190718,95.1749174,45.98398585,1.1887074876666668,-0.0139999999999993,8.982,53.025000000000006,0.04,-0.0240000000000009,19.969999,20.1,72.939995,0.0,0.0,Centralized_AC,71.245740057,1,HIGH
1017,3662.357332,34.39337858,2.715,191.5118312,46.08990752,96.7493363,45.99755342,1.2352608646666667,-0.0139999999999993,8.982,53.0,0.0375000000000005,-0.0219999999999984,19.969999,20.074999,72.689995,0.0,0.0,Centralized_AC,73.59614614299998,1,HIGH
1014,3773.67368,40.03873313,2.827,188.2769801,47.13306143,96.6394816,46.07679147,1.2507269656666666,-0.0139999999999993,8.98,53.025000000000006,0.04,-0.0219999999999984,19.975,20.1,72.779999,0.0,0.0,Normal_AC,74.41363858449999,1,HIGH
1018,3971.31518,40.85207301,3.017,193.5340736,47.11431844,99.23631379,46.08766047,1.2907147923333333,-0.0139999999999993,8.978,53.0,0.04,-0.0219999999999984,19.959999,20.074999,72.470001,0.0,0.0,Centralized_AC,76.6396699835,1,HIGH
981,3904.539068,39.02440425,3.056,192.3232783,47.80102535,99.8615495,46.06125658,1.312524036,-0.0139999999999993,8.976,53.0,0.04,-0.0219999999999984,19.969999,20.1,72.029999,0.0,0.0,Normal_AC,77.63126225749998,1,HIGH
996,3991.330945,42.36731751,3.102,191.0887815,46.93117958,96.32019074,45.98177013,1.2965454550000002,-0.0120000000000004,8.976,52.925,0.04,-0.0219999999999984,19.969999,20.1,71.739998,0.0,0.0,Cassette_AC,76.228088272,1,HIGH
994,4228.152612,44.5107892,3.346,193.6681043,47.27774124,99.60620773,45.99474053,1.3346900093333334,-0.0120000000000004,8.976,52.95,0.0424999999999995,-0.0219999999999984,19.959999,20.1,71.529999,0.0,0.0,Normal_AC,78.7344133985,1,HIGH
1010,4356.990627,44.21715865,3.418,196.0783297,47.10619946,100.3044931,46.04830132,1.3846305893333335,-0.0139999999999993,8.976,52.89999999999999,0.0424999999999995,-0.0219999999999984,19.959999,20.08,71.489998,0.0,0.0,Centralized_AC,80.525470874,1,HIGH
987,4454.874291,46.99715066,3.596,191.5331799,44.97168288,101.8834135,46.06946316,1.4238474936666667,-0.0139999999999993,8.972,52.89999999999999,0.04,-0.0219999999999984,19.959999,20.074999,71.529999,0.0,0.0,Centralized_AC,82.132030617,1,HIGH
1001,4781.77214,48.72072742,3.877,193.3679319,47.13739981,100.2563937,46.050594,1.466462279,-0.0139999999999993,8.972,52.975,0.04,-0.0240000000000009,19.965,20.1,71.459999,0.0,0.0,Cassette_AC,83.8905767665,1,HIGH
1013,4929.313073,49.53739952,3.976,190.4912557,46.32387459,105.0286669,46.04868031,1.488771379,-0.0139999999999993,8.972,52.875,0.04,-0.0219999999999984,19.959999,20.1,71.369995,0.0,0.0,Centralized_AC,85.82888928349999,1,HIGH
1020,5046.243531,47.80124147,4.059,194.9294284,47.1886946,103.0793454,46.02829993,1.5093487110000001,-0.0139999999999993,8.972,52.975,0.04,-0.0240000000000009,19.959999,20.105,71.220001,0.0,0.0,Centralized_AC,86.25460186999999,1,HIGH
988,5008.518103,52.34306594,4.154,194.9004866,47.40789393,102.5283372,46.04477114,1.5433162063333334,-0.0139999999999993,8.968,52.875,0.04,-0.0240000000000009,19.959999,20.105,71.110001,0.0,0.0,Centralized_AC,87.3587545795,1,HIGH
1003,5246.545484,53.98409296,4.33,188.0651441,46.78844552,103.3082858,46.12729068,1.609998662,-0.0120000000000004,8.97,53.0,0.04,-0.0219999999999984,19.949999,20.115,71.25,0.0,0.0,Cassette_AC,89.813298138,1,HIGH
983,5313.597911,53.32949768,4.487,193.9056312,45.11922707,105.2930219,46.08485909,1.662369304,-0.0139999999999993,8.968,52.95,0.04,-0.0240000000000009,19.965,20.115,71.269997,0.0,0.0,Normal_AC,91.9442186555,1,HIGH
992,5385.07612,55.40294118,4.514,188.7662612,45.10659017,106.7223083,46.08972738,1.656772309,-0.0139999999999993,8.966,52.925,0.04,-0.0240000000000009,19.959999,20.105,71.25,0.0,0.0,Centralized_AC,92.18573487049999,1,HIGH
982,5364.857546,55.28928254,4.541,186.2201815,47.65915956,104.278001,46.06601724,1.7007162993333333,-0.0139999999999993,8.966,52.8,0.04,-0.0219999999999984,19.965,20.1,71.68,0.0,0.0,Cassette_AC,93.329863164,1,HIGH
1019,5577.390809,56.58539759,4.588,191.2621897,47.97422566,104.5653141,46.07333363,1.6547450833333333,-0.0139999999999993,8.966,52.8,0.04,-0.0199999999999995,19.959999,20.109999,71.75,0.0,0.0,Cassette_AC,92.163814874,1,HIGH
1020,5842.98541,56.41533562,4.845,191.5574592,49.92925513,105.5177271,46.087814,1.7674044016666663,-0.0120000000000004,8.964,52.8,0.0375000000000005,-0.0219999999999984,19.959999,20.1,72.449997,0.0,0.0,Centralized_AC,96.58845209449997,1,HIGH
1018,5908.83822,59.96761557,4.914,194.6674392,49.26143868,109.2733788,46.1611839,1.7704834683333335,-0.0139999999999993,8.964,52.975,0.04,-0.0240000000000009,19.965,20.109999,73.32,0.0,0.0,Cassette_AC,97.658064552,1,HIGH
992,6049.178096,63.16351943,5.191,193.9349708,46.21749214,110.5169285,46.10221132,1.883042886,-0.0139999999999993,8.962,52.77499999999999,0.04,-0.0240000000000009,19.959999,20.1124995,74.080002,0.0,0.0,Normal_AC,101.44314252599999,1,HIGH
980,6289.213817,64.06730539,5.496,187.7785364,48.42923044,108.8643373,46.19729956,2.0071184619999998,-0.0120000000000004,8.96,52.89999999999999,0.04,-0.0240000000000009,19.959999,20.115,74.260002,0.0,0.0,Normal_AC,105.69402275099999,1,HIGH
990,6621.437278,67.431005,5.779,194.8408373,45.89956549,111.750288,46.10777031,2.095412677,-0.0139999999999993,8.96,52.725,0.04,-0.0240000000000009,19.959999,20.115,74.75,0.0,0.0,Cassette_AC,109.2508871335,1,HIGH
1007,6966.224186,66.3805533,6.018,194.026906,47.31070175,113.6131655,46.20378833,2.190739712666667,-0.0139999999999993,8.96,52.725,0.04,-0.0219999999999984,19.959999,20.115,74.659996,0.0,0.0,Centralized_AC,113.2660880175,1,HIGH
1020,7264.803723,69.65094545,6.239,184.409843,50.89730749,115.7689975,46.14668675,2.266507703,-0.0139999999999993,8.958,52.77499999999999,0.04,-0.0219999999999984,19.959999,20.109999,74.439995,0.0,0.0,Cassette_AC,117.05807658849999,1,HIGH
1016,7362.697085,72.12472719,6.36,193.1082428,51.25232801,116.7864484,46.23832871,2.318796108,-0.0120000000000004,8.958,52.8,0.04,-0.0219999999999984,19.959999,20.105,73.970001,0.0,0.0,Centralized_AC,119.17634454149999,1,HIGH
991,7535.607392,76.19087981,6.689,192.3818691,46.37867988,116.9263957,46.17071489,2.481355489,-0.0139999999999993,8.956,52.89999999999999,0.04,-0.0219999999999984,19.965,20.094999,73.150002,0.0,0.0,Normal_AC,124.01506557699999,1,HIGH
1017,7718.536964,74.75792478,6.701,187.1649168,45.50690658,118.7977328,46.16337386,2.4852224663333335,-0.0139999999999993,8.956,52.89999999999999,0.04,-0.0240000000000009,19.965,20.105,72.150002,0.0,0.0,Normal_AC,124.492143177,1,HIGH
986,7596.640838,77.34548747,6.786,184.9064811,47.09516771,115.4676586,46.22881815,2.512704632333333,-0.0139999999999993,8.954,52.875,0.04,-0.0219999999999984,19.965,20.115,71.760002,0.0,0.0,Normal_AC,124.8923287765,1,HIGH
980,7827.482606,80.13881974,7.068,184.1273575,49.54317157,115.8797611,46.23736757,2.6587594610000003,-0.0139999999999993,8.954,52.89999999999999,0.0424999999999995,-0.0219999999999984,19.959999,20.115,71.709999,0.0,0.0,Centralized_AC,130.3086998405,1,HIGH
1020,8396.590071,79.29572705,7.346,188.9164722,46.26873669,120.2972573,46.23736736,2.7902336346666665,-0.0139999999999993,8.954,52.89999999999999,0.04,-0.0219999999999984,19.949999,20.115,71.549995,0.0,0.0,Normal_AC,135.4216338685,1,HIGH
1483,2388.094703,19.53840962,1.0,917.33228,50.69387688,96.78963309,45.99862206,0.9316834663333333,-0.0139999999999993,8.952,52.82500000000002,0.0375000000000005,-0.0219999999999984,19.959999,20.115,71.360001,0.0,0.0,Centralized_AC,61.7594937945,0,MEDIUM
1519,2608.28743,20.95863127,1.123,918.2659391,51.1348063,96.58137278,46.0517595,0.9448653216666667,-0.0139999999999993,8.95,52.82500000000002,0.04,-0.0240000000000009,19.959999,20.115,71.07,0.0,0.0,Normal_AC,62.41552379,0,MEDIUM
1510,2626.067524,19.36695657,1.14,915.4733686,50.78873919,97.00881532,46.02990814,0.9438876126666665,-0.0139999999999993,8.948,52.82500000000002,0.04,-0.0219999999999984,19.965,20.115,70.970001,0.0,0.0,Centralized_AC,62.4751430885,0,MEDIUM
1520,2691.73138,19.7819813,1.174,909.699595,50.23620484,97.282136,46.00001255,0.9580342233333333,-0.0120000000000004,8.948,52.975,0.04,-0.0219999999999984,19.959999,20.115,71.0,0.0,0.0,Normal_AC,62.952991426000004,0,MEDIUM
1511,2889.059043,18.35171112,1.312,914.973491,51.05505369,97.45597756,46.04094067,0.9724913166666665,-0.0139999999999993,8.948,52.8,0.0375000000000005,-0.0240000000000009,19.965,20.115,70.900002,0.0,0.0,Centralized_AC,63.8284919435,0,MEDIUM
1487,3321.618385,22.3968531,1.628,913.6516121,51.47537649,100.9943336,46.0234412,0.9780667746666666,-0.0139999999999993,8.946,52.89999999999999,0.04,-0.0240000000000009,19.959999,20.119999,70.869995,0.0,0.0,Centralized_AC,65.57589311349999,0,MEDIUM
1492,3490.105712,23.60439544,1.731,907.8642747,50.78916465,102.9240995,46.11321598,1.0177137906666667,-0.0139999999999993,8.946,52.82500000000002,0.04,-0.0219999999999984,19.965,20.125,70.830002,0.0,0.0,Normal_AC,67.35081329249999,0,MEDIUM
1517,3996.804725,26.82113174,2.041,912.5717189,51.47484986,102.7279625,46.11264881,1.0318987226666667,-0.0139999999999993,8.944,52.82500000000002,0.0424999999999995,-0.0240000000000009,19.965,20.125,70.760002,0.0,0.0,Normal_AC,68.450679784,0,MEDIUM
1511,3997.394496,25.67322026,2.049,910.9447394,50.53211503,102.1391354,46.04396474,1.034908844,-0.0139999999999993,8.944,52.85,0.04,-0.0219999999999984,19.965,20.125,70.68,0.0,0.0,Centralized_AC,68.2678664245,0,MEDIUM
1499,4024.010562,29.22774892,2.08,915.5646214,50.67188768,102.3538278,46.04521071,1.032094873,-0.0120000000000004,8.942,52.875,0.0375000000000005,-0.0219999999999984,19.959999,20.125,70.709999,0.0,0.0,Cassette_AC,68.319586292,0,MEDIUM
1480,4404.914859,32.47948518,2.365,906.2450644,50.19055737,102.0820318,46.08566413,1.0810905996666667,-0.0120000000000004,8.942,52.82500000000002,0.04,-0.0219999999999984,19.955,20.125,70.650002,0.0,0.0,Cassette_AC,70.2198095455,1,HIGH
1514,4707.980395,30.92894648,2.512,913.3751782,50.15785895,105.6272327,46.07013506,1.0873061576666667,-0.0120000000000004,8.942,52.77499999999999,0.04,-0.0219999999999984,19.949999,20.125,70.650002,0.0,0.0,Normal_AC,71.5816717475,1,HIGH
1503,4736.691555,33.25098145,2.552,906.7618259,50.6560402,103.2126782,46.06566668,1.103507157,-0.0139999999999993,8.938,52.89999999999999,0.04,-0.0240000000000009,19.959999,20.125,70.589996,0.0,0.0,Cassette_AC,71.61879029,1,HIGH
1509,4895.644329,35.81922696,2.646,903.0064038,51.44103091,104.9688884,46.10612713,1.1117210053333333,-0.0159999999999982,8.938,52.85,0.04,-0.0219999999999984,19.949999,20.125,70.589996,0.0,0.0,Cassette_AC,72.61000689649998,1,HIGH
1491,5044.849522,34.5086238,2.776,909.4695893,51.76667826,106.9817864,46.06222953,1.1704295963333333,-0.0139999999999993,8.936,52.82500000000002,0.04,-0.0219999999999984,19.959999,20.125,70.57,0.0,0.0,Normal_AC,75.18333622899999,1,HIGH
1500,5292.713028,38.60651591,2.928,905.281642,52.44140339,104.7055801,46.12414764,1.165609045,-0.0139999999999993,8.936,52.95,0.04,-0.0240000000000009,19.959999,20.125,70.519997,0.0,0.0,Centralized_AC,74.8748768835,1,HIGH
1519,5386.329213,36.02725614,2.953,902.3030903,51.14631194,108.3666593,46.06721922,1.1989863593333334,-0.0139999999999993,8.936,52.82500000000002,0.04,-0.0219999999999984,19.959999,20.139999,70.540001,0.0,0.0,Normal_AC,76.647202396,1,HIGH
1493,5743.219145,40.34196963,3.244,906.6849218,52.9665855,108.2739076,46.15541746,1.2392054783333333,-0.0120000000000004,8.936,52.82500000000002,0.04,-0.0240000000000009,19.959999,20.139999,70.5,0.0,0.0,Cassette_AC,78.685629075,1,HIGH
1502,5879.00325,40.80544084,3.312,898.445726,51.13221631,110.9835935,46.14318857,1.2705493716666665,-0.0139999999999993,8.934,52.89999999999999,0.0375000000000005,-0.0240000000000009,19.949999,20.115,70.379997,0.0,0.0,Centralized_AC,80.16371197149998,1,HIGH
1488,6250.457279,41.82749548,3.593,901.4428916,51.94623833,111.0805824,46.15113062,1.329841657,-0.0139999999999993,8.936,52.925,0.04,-0.0219999999999984,19.904999,20.064999,70.400002,0.0,0.0,Normal_AC,82.65133105950001,1,HIGH
1488,6260.08455,43.02531143,3.598,899.0332841,52.84977138,108.7745085,46.18119705,1.3599937513333333,-0.0139999999999993,8.932,52.82500000000002,0.04,-0.0240000000000009,19.885,20.045,70.400002,0.0,0.0,Cassette_AC,83.12490537199999,1,HIGH
1483,6416.712694,41.50854232,3.718,897.1437711,53.28642184,112.3717439,46.13163577,1.3875365946666667,-0.0139999999999993,8.93,52.82500000000002,0.04,-0.0240000000000009,19.879999,20.035,70.459999,0.0,0.0,Normal_AC,85.15599709099999,1,HIGH
1496,6617.079353,45.49112007,3.818,896.4055134,51.96974496,112.4002164,46.22805178,1.370025609,-0.0120000000000004,8.93,52.82500000000002,0.04,-0.0240000000000009,19.885,20.029999,70.459999,0.0,0.0,Normal_AC,84.64028411399998,1,HIGH
1492,6634.724055,44.1827251,3.841,895.2733827,50.75422334,109.8660818,46.1887298,1.4057389343333335,-0.0139999999999993,8.93,52.89999999999999,0.04,-0.0240000000000009,19.879999,20.014999,70.459999,0.0,0.0,Centralized_AC,84.94182198100002,1,HIGH
1482,6877.482748,45.91997271,4.031,899.1060908,52.61711344,114.5388352,46.20871328,1.422957265,-0.0139999999999993,8.928,52.8,0.04,-0.0240000000000009,19.885,20.014999,70.5,0.0,0.0,Normal_AC,87.28599376599999,1,HIGH
1499,7099.761131,45.66466169,4.134,902.6903697,51.89901593,111.1557206,46.18319148,1.4765683593333332,-0.0120000000000004,8.928,52.82500000000002,0.04,-0.0240000000000009,19.869999,20.014999,70.519997,0.0,0.0,Centralized_AC,88.14683331949999,1,HIGH
1496,7277.976472,47.58265301,4.259,899.270718,50.16199731,114.5112876,46.21495198,1.5132399346666665,-0.0139999999999993,8.926,52.8,0.0375000000000005,-0.0219999999999984,19.859999,20.004999,70.57,0.0,0.0,Cassette_AC,90.07481953649999,1,HIGH
1506,7784.619396,53.52039441,4.571,900.11672,51.37875065,115.3146686,46.18542856,1.6131922129999998,-0.0120000000000004,8.924,52.8,0.0424999999999995,-0.0219999999999984,19.859999,19.994999,70.68,0.0,0.0,Normal_AC,94.08174613749999,1,HIGH
1498,8191.381905,57.06957236,4.864,894.1399806,50.65262906,116.7986112,46.18885959,1.7155827820000003,-0.0139999999999993,8.924,52.725,0.04,-0.0219999999999984,19.84,19.984999,70.830002,0.0,0.0,Normal_AC,98.00103061899999,1,HIGH
1515,8657.388658,58.84905645,5.118,892.6783864,54.61081048,120.8258806,46.18080577,1.7426118493333336,-0.0120000000000004,8.924,52.69999999999999,0.04,-0.0219999999999984,19.84,19.984999,70.949997,0.0,0.0,Centralized_AC,100.92044720200002,1,HIGH
1502,8887.778199,60.69310994,5.317,889.7890741,51.76236644,119.3099223,46.2634867,1.8127901406666667,-0.0120000000000004,8.924,52.77499999999999,0.04,-0.0219999999999984,19.84,19.984999,70.949997,0.0,0.0,Centralized_AC,102.61753976099999,1,HIGH
1505,9289.458109,63.12268718,5.574,899.7183973,53.88436924,120.5263437,46.2305523,1.9402252930000001,-0.0139999999999993,8.922,52.69999999999999,0.04,-0.0219999999999984,19.84,19.965,70.830002,0.0,0.0,Normal_AC,107.577000101,1,HIGH
1504,9559.057763,64.30740789,5.757,894.2128344,54.89554129,123.6833701,46.30183366,1.9768076163333335,-0.0120000000000004,8.92,52.82500000000002,0.04,-0.0219999999999984,19.859999,19.975,70.720001,0.0,0.0,Centralized_AC,109.9814022085,1,HIGH
1484,9745.396594,66.70335716,5.957,897.020601,53.74294121,122.4169753,46.2704108,2.085631996,-0.0139999999999993,8.918,52.82500000000002,0.04,-0.0219999999999984,19.859999,19.984999,70.629997,0.0,0.0,Centralized_AC,113.1566448865,1,HIGH
1498,9930.186801,65.49181245,6.024,894.5793231,52.50383952,123.6811564,46.30275933,2.1027760983333335,-0.0139999999999993,8.918,52.77499999999999,0.04,-0.0219999999999984,19.875,19.98,70.619995,0.0,0.0,Centralized_AC,113.935147978,1,HIGH
1490,10245.77813,68.2576997,6.268,886.9317378,54.63909805,123.0576135,46.25976212,2.2026470286666666,-0.0139999999999993,8.918,52.725,0.0375000000000005,-0.0219999999999984,19.879999,19.975,70.57,0.0,0.0,Normal_AC,117.58317894249998,1,HIGH
1503,10351.35562,67.11385674,6.284,893.5164251,50.85511846,122.1238933,46.25909079,2.241259703,-0.0139999999999993,8.918,52.82500000000002,0.04,-0.0219999999999984,19.885,19.984999,70.589996,0.0,0.0,Cassette_AC,117.973032184,1,HIGH
1513,10429.99965,68.01586372,6.295,885.8757187,55.74442819,125.5697195,46.33655572,2.197525971333333,-0.0139999999999993,8.916,52.8,0.0424999999999995,-0.0219999999999984,19.904999,19.994999,70.57,0.0,0.0,Cassette_AC,118.2783732435,1,HIGH
1483,10340.02593,69.91550875,6.363,892.8967333,56.05907756,122.0271465,46.28972546,2.275035169666667,-0.0120000000000004,8.916,52.82500000000002,0.0424999999999995,-0.0219999999999984,19.945,20.014999,70.619995,0.0,0.0,Centralized_AC,119.90120334900001,1,HIGH
1506,10658.33589,69.4863217,6.476,891.5571819,53.85855384,122.9146218,46.32064034,2.2797423913333335,-0.0139999999999993,8.912,52.82500000000002,0.04,-0.0240000000000009,19.959999,20.035,70.589996,0.0,0.0,Cassette_AC,120.15971026599999,1,HIGH
1485,2391.373103,17.78791709,1.0,912.2849292,56.86018759,94.87719148,46.05324686,0.9206747266666667,-0.0120000000000004,8.914,52.750000000000014,0.04,-0.0219999999999984,19.959999,20.035,70.619995,0.0,0.0,Normal_AC,61.876567808500006,0,MEDIUM
1501,2523.791165,18.96838356,1.077,919.3643089,57.35317616,96.80010724,46.08508725,0.9355356559999999,-0.0139999999999993,8.91,52.67500000000001,0.04,-0.0240000000000009,19.959999,20.049999,70.839996,0.0,0.0,Normal_AC,63.03107291399999,0,MEDIUM
1512,2556.264473,18.18442915,1.095,912.8595413,57.90829588,97.03232395,46.00108606,0.9518011359999999,-0.0139999999999993,8.91,52.77499999999999,0.04,-0.0240000000000009,19.959999,20.055,71.080002,0.0,0.0,Cassette_AC,63.6963594495,0,MEDIUM
1502,2813.867779,19.95514211,1.274,916.4238173,57.56941849,98.67117723,45.99429991,0.9361528956666666,-0.0139999999999993,8.91,52.8,0.04,-0.0219999999999984,19.959999,20.055,71.080002,0.0,0.0,Centralized_AC,63.943793951,0,MEDIUM
1498,2890.750243,22.72064959,1.324,918.9205192,57.87899116,98.11592977,46.02009335,0.9414919543333333,-0.0139999999999993,8.908,52.750000000000014,0.04,-0.0219999999999984,19.959999,20.064999,71.049995,0.0,0.0,Cassette_AC,64.1115897465,0,MEDIUM
1486,3118.47599,21.79842397,1.49,915.2197957,57.39963317,100.2715064,45.98798504,1.006114022,-0.0139999999999993,8.908,52.8,0.04,-0.0240000000000009,19.959999,20.094999,71.0,0.0,0.0,Normal_AC,66.8492422355,0,MEDIUM
1509,3312.989486,23.76347987,1.596,916.6559723,57.49812226,98.7066086,46.06368577,1.008755653,-0.0120000000000004,8.908,52.77499999999999,0.04,-0.0219999999999984,19.959999,20.105,70.919998,0.0,0.0,Normal_AC,66.764040079,0,MEDIUM
1519,3509.85321,24.37353562,1.717,914.1458725,57.66328074,100.3080933,46.04485609,0.9862841353333334,-0.0139999999999993,8.906,52.82500000000002,0.04,-0.0219999999999984,19.969999,20.119999,70.869995,0.0,0.0,Centralized_AC,66.75703949599999,0,MEDIUM
1501,3628.37474,25.88834869,1.817,907.9377633,58.73525178,100.4631964,46.03606666,0.9831361116666666,-0.0139999999999993,8.906,52.77499999999999,0.04,-0.0219999999999984,19.969999,20.139999,70.839996,0.0,0.0,Cassette_AC,67.062170217,0,MEDIUM
1486,3890.198532,28.15032895,2.011,915.9070208,57.25025116,102.3113678,46.066237,1.0545666176666666,-0.0139999999999993,8.904,52.750000000000014,0.04,-0.0219999999999984,19.969999,20.154999,70.809998,0.0,0.0,Normal_AC,69.832378154,0,MEDIUM
1498,4319.343567,31.07886369,2.28,914.1508351,57.02062988,102.9892876,46.0696916,1.0832028016666666,-0.0120000000000004,8.902,52.725,0.04,-0.0240000000000009,19.969999,20.17,70.589996,0.0,0.0,Cassette_AC,71.364500432,1,HIGH
1512,4769.695625,33.56671421,2.558,911.8014162,57.61832147,105.0362495,46.11769306,1.11226741,-0.0139999999999993,8.902,52.77499999999999,0.04,-0.0240000000000009,20.004999,20.17,70.619995,0.0,0.0,Normal_AC,73.3938328955,1,HIGH
1520,5240.511525,37.40517115,2.854,911.2588197,58.56969993,107.1583224,46.08906511,1.150896816,-0.0139999999999993,8.9,52.77499999999999,0.04,-0.0240000000000009,20.025,20.17,70.589996,0.0,0.0,Normal_AC,75.8179400695,1,HIGH
1483,5155.097818,35.27981784,2.867,905.459834,59.10724316,106.619871,46.10172435,1.1593034130000002,-0.0120000000000004,8.9,52.69999999999999,0.04,-0.0219999999999984,20.039999,20.189999,70.57,0.0,0.0,Centralized_AC,76.04215661399999,1,HIGH
1504,5467.532394,35.24390313,3.035,904.4385037,59.32294156,105.7500867,46.16290479,1.2358735029999999,-0.0139999999999993,8.898,52.8,0.04,-0.0219999999999984,20.039999,20.195,70.589996,0.0,0.0,Normal_AC,78.490167999,1,HIGH
1492,5907.082035,39.85021808,3.354,909.1552499,58.8857826,109.4711133,46.16341879,1.281184758,-0.0159999999999982,8.898,52.8,0.04,-0.0219999999999984,20.02,20.195,70.540001,0.0,0.0,Cassette_AC,81.352188455,1,HIGH
1495,6281.79941,42.50659029,3.596,901.336732,59.82011115,111.6537388,46.09025934,1.3165308836666667,-0.0139999999999993,8.896,52.69999999999999,0.04,-0.0219999999999984,19.969999,20.184999,70.540001,0.0,0.0,Centralized_AC,83.58237788249998,1,HIGH
1517,6473.936297,42.86025841,3.671,902.3282978,57.43361535,113.4798515,46.20754228,1.3724743703333333,-0.0120000000000004,8.896,52.750000000000014,0.0424999999999995,-0.0240000000000009,19.969999,20.18,70.43,0.0,0.0,Centralized_AC,85.50973628749999,1,HIGH
1493,6461.045828,46.1897519,3.721,901.8857907,58.01414444,112.7220671,46.17683113,1.3604916906666666,-0.0120000000000004,8.896,52.750000000000014,0.04,-0.0240000000000009,19.969999,20.18,70.43,0.0,0.0,Centralized_AC,85.147389161,1,HIGH
1498,6541.850518,42.5691593,3.764,904.8777698,58.4533105,111.3410078,46.17388567,1.391813834,-0.0120000000000004,8.894,52.725,0.04,-0.0240000000000009,19.969999,20.17,70.519997,0.0,0.0,Cassette_AC,85.893663545,1,HIGH
1481,6492.989782,43.63870157,3.775,900.1087696,58.74484884,109.2962942,46.17631853,1.360388383,-0.0139999999999993,8.892,52.77499999999999,0.04,-0.0219999999999984,19.969999,20.17,70.540001,0.0,0.0,Normal_AC,84.505452366,1,HIGH
1513,6619.981228,42.87859684,3.777,905.9629833,57.40130413,110.0399142,46.10235656,1.3604471113333334,-0.0139999999999993,8.892,52.725,0.04,-0.0219999999999984,19.969999,20.17,70.540001,0.0,0.0,Centralized_AC,84.49558750950001,1,HIGH
1487,6818.642753,45.02177323,3.977,906.4863645,59.98743445,112.684081,46.12293065,1.4333916706666667,-0.0139999999999993,8.892,52.750000000000014,0.04,-0.0219999999999984,19.969999,20.17,70.540001,0.0,0.0,Centralized_AC,88.1328855375,1,HIGH
1483,6815.571657,46.96501898,3.986,896.1124084,59.27873597,111.6766709,46.18760098,1.4370755446666665,-0.0139999999999993,8.89,52.57499999999999,0.0375000000000005,-0.0219999999999984,19.98,20.17,70.540001,0.0,0.0,Cassette_AC,87.90274446049999,1,HIGH
1503,7377.075499,49.85361814,4.309,897.4770281,60.95635093,112.4108891,46.17599906,1.5182674596666665,-0.0139999999999993,8.89,52.60000000000001,0.04,-0.0219999999999984,19.98,20.17,70.589996,0.0,0.0,Cassette_AC,91.42019870449998,1,HIGH
1515,7835.384636,51.6591418,4.578,899.8741411,57.20810954,113.1928545,46.23866361,1.6154881683333333,-0.0139999999999993,8.888,52.67500000000001,0.0375000000000005,-0.0240000000000009,19.98,20.17,70.57,0.0,0.0,Cassette_AC,94.507575106,1,HIGH
1497,7773.02758,50.35605031,4.588,899.5882848,58.46438268,114.3003573,46.1416478,1.5892552603333332,-0.0139999999999993,8.888,52.69999999999999,0.04,-0.0240000000000009,20.02,20.18,70.540001,0.0,0.0,Cassette_AC,94.20640453699998,1,HIGH
1482,7928.494102,55.17335245,4.741,901.6498676,60.59582265,116.4402378,46.25887986,1.6627016040000002,-0.0120000000000004,8.888,52.725,0.0424999999999995,-0.0240000000000009,20.025,20.18,70.589996,0.0,0.0,Centralized_AC,97.5709809675,1,HIGH
1514,8249.479891,52.04205904,4.851,892.7810401,60.9796975,117.0582439,46.27165494,1.6651790393333332,-0.0139999999999993,8.886,52.69999999999999,0.04,-0.0219999999999984,20.0,20.18,70.709999,0.0,0.0,Centralized_AC,98.07688677999998,1,HIGH
1489,8353.41209,54.7598473,5.005,892.6842472,57.85321868,119.2617581,46.21850893,1.7131096270000004,-0.0120000000000004,8.884,52.725,0.04,-0.0219999999999984,20.004999,20.18,70.760002,0.0,0.0,Cassette_AC,99.904711137,1,HIGH
1510,8772.391776,60.4861234,5.212,893.5271359,61.38601809,117.4817172,46.26404777,1.8318011163333334,-0.0139999999999993,8.884,52.69999999999999,0.04,-0.0219999999999984,20.004999,20.18,70.779999,0.0,0.0,Cassette_AC,103.96436550349999,1,HIGH
1488,8877.086304,57.69742396,5.359,889.9564042,57.90064883,119.0926921,46.27726432,1.8483986329999997,-0.0120000000000004,8.884,52.67500000000001,0.04,-0.0219999999999984,20.01,20.18,70.769997,0.0,0.0,Centralized_AC,104.63622933949999,1,HIGH
1512,9366.779815,59.72797523,5.598,891.2057299,62.12330935,122.0902076,46.24181545,1.9265068533333334,-0.0139999999999993,8.882,52.69999999999999,0.04,-0.0240000000000009,20.02,20.189999,70.760002,0.0,0.0,Centralized_AC,108.8402539025,1,HIGH
1507,9772.062406,63.59473288,5.885,892.8354255,57.77312155,124.473307,46.27705575,2.037588282,-0.0120000000000004,8.88,52.725,0.04,-0.0219999999999984,20.029999,20.189999,70.779999,0.0,0.0,Cassette_AC,112.6899434425,1,HIGH
1520,9984.453289,65.66609105,5.976,896.8938602,60.28089372,121.5455474,46.30482925,2.067083965333333,-0.0139999999999993,8.878,52.69999999999999,0.04,-0.0240000000000009,20.029999,20.189999,70.809998,0.0,0.0,Normal_AC,113.401039868,1,HIGH
1486,10152.46711,68.92079515,6.223,898.1718733,60.5342832,124.5919928,46.26395097,2.170802198666667,-0.0120000000000004,8.878,52.625000000000014,0.04,-0.0240000000000009,20.029999,20.195,70.809998,0.0,0.0,Cassette_AC,117.80620664000001,1,HIGH
1491,10437.59197,69.40894165,6.394,895.3508564,60.92349039,125.7659524,46.26435306,2.2674557536666664,-0.0120000000000004,8.878,52.69999999999999,0.04,-0.0240000000000009,20.029999,20.199999,70.869995,0.0,0.0,Centralized_AC,121.39968426849998,1,HIGH
1508,10622.15148,69.26180409,6.446,895.508087,61.77404468,124.5138839,46.31549704,2.2593722716666664,-0.0139999999999993,8.876,52.725,0.0424999999999995,-0.0219999999999984,20.039999,20.195,70.919998,0.0,0.0,Cassette_AC,121.076245827,1,HIGH
1507,10764.83966,71.56113677,6.545,895.7971126,57.33362326,123.2091539,46.29511674,2.3253295403333336,-0.0139999999999993,8.876,52.69999999999999,0.04,-0.0219999999999984,20.039999,20.205,70.919998,0.0,0.0,Normal_AC,122.260218174,1,HIGH
1490,10979.57546,74.93656324,6.763,890.8150856,57.88396806,127.8438478,46.28225974,2.444681392,-0.0139999999999993,8.874,52.625000000000014,0.04,-0.0240000000000009,20.049999,20.215,70.900002,0.0,0.0,Normal_AC,127.517998919,1,HIGH
1505,2407.034333,15.71479914,1.0,920.089085,50.34526617,111.627123,46.12580815,0.9447656636666667,-0.0139999999999993,8.874,52.69999999999999,0.04,-0.0240000000000009,20.049999,20.23,70.919998,0.0,0.0,Normal_AC,65.8095405855,0,MEDIUM
1492,2496.016297,18.72749884,1.065,915.8520185,50.66531374,111.5171659,46.15722748,0.9581542983333334,-0.0139999999999993,8.872,52.625000000000014,0.04,-0.0240000000000009,20.049999,20.24,70.919998,0.0,0.0,Cassette_AC,66.361717486,0,MEDIUM
1487,2511.187929,17.15831016,1.083,913.763951,50.59588163,109.507882,46.08143754,0.9198017246666668,-0.0139999999999993,8.87,52.60000000000001,0.04,-0.0240000000000009,20.07,20.25,70.919998,0.0,0.0,Cassette_AC,64.73440448449999,0,MEDIUM
1485,2518.820277,18.07659894,1.089,912.0434694,50.46867577,110.0957183,46.10882183,0.9574643603333334,-0.0139999999999993,8.87,52.60000000000001,0.04,-0.0219999999999984,20.07,20.25,70.919998,0.0,0.0,Cassette_AC,66.00416175049999,0,MEDIUM
1483,2786.161479,21.5082158,1.268,918.5134966,50.49264663,109.550221,46.20644572,0.9309793426666667,-0.0159999999999982,8.868,52.57499999999999,0.04,-0.0219999999999984,20.07,20.25,70.970001,0.0,0.0,Normal_AC,65.4348325245,0,MEDIUM
1490,3287.621264,22.08923574,1.599,908.8962614,51.06106499,112.8019176,46.15439518,0.9775180813333334,-0.0139999999999993,8.868,52.67500000000001,0.04,-0.0219999999999984,20.07,20.26,71.0,0.0,0.0,Centralized_AC,68.39118158849999,0,MEDIUM
1502,3311.46771,25.113112,1.604,909.4088895,50.69092694,113.1717986,46.14412503,0.9667194906666667,-0.0139999999999993,8.868,52.69999999999999,0.04,-0.0240000000000009,20.08,20.26,71.029999,0.0,0.0,Centralized_AC,68.114173411,0,MEDIUM
1483,3640.935164,23.73442109,1.846,916.5890729,50.31632562,114.9534734,46.17595418,1.0317563083333334,-0.0139999999999993,8.866,52.67500000000001,0.0375000000000005,-0.0219999999999984,20.084999,20.26,71.029999,0.0,0.0,Cassette_AC,70.93800644299999,1,HIGH
1486,3656.841504,26.64184275,1.854,912.6090554,50.23377318,113.4429975,46.24750423,1.0149001976666667,-0.0139999999999993,8.866,52.625000000000014,0.04,-0.0240000000000009,20.09,20.26,71.049995,0.0,0.0,Normal_AC,70.058821282,1,HIGH
1513,4031.772063,29.85763372,2.065,914.8677437,51.54072887,117.2642268,46.20480588,1.058876494,-0.0139999999999993,8.864,52.69999999999999,0.0424999999999995,-0.0219999999999984,20.094999,20.27,71.089996,0.0,0.0,Cassette_AC,72.9519608505,1,HIGH
1502,4163.342339,29.92451669,2.169,910.7433882,52.04972286,114.885277,46.21524215,1.072228122,-0.0139999999999993,8.862,52.64999999999999,0.04,-0.0240000000000009,20.094999,20.26,71.110001,0.0,0.0,Normal_AC,73.041621339,1,HIGH
1483,4328.155101,27.88221194,2.308,906.2710268,49.92123671,113.4294517,46.1879789,1.0790608203333332,-0.0139999999999993,8.864,52.69999999999999,0.0375000000000005,-0.0240000000000009,20.09,20.26,71.139999,0.0,0.0,Centralized_AC,72.84087304149999,1,HIGH
1520,4687.899948,32.74227574,2.488,907.4377352,50.93543337,116.9059733,46.24820079,1.123162062,-0.0139999999999993,8.862,52.60000000000001,0.04,-0.0240000000000009,20.08,20.254999,71.110001,0.0,0.0,Normal_AC,75.5456701905,1,HIGH
1513,5127.556379,34.91654564,2.793,912.1193926,51.35262408,119.5867168,46.23464475,1.1545160676666666,-0.0139999999999993,8.86,52.60000000000001,0.04,-0.0240000000000009,20.07,20.27,71.199997,0.0,0.0,Centralized_AC,77.82905484199999,1,HIGH
1490,5501.659874,38.7780032,3.086,903.4123474,52.67744009,121.8092721,46.28980703,1.2156150419999998,-0.0139999999999993,8.86,52.625000000000014,0.04,-0.0240000000000009,20.07,20.26,71.409996,0.0,0.0,Normal_AC,81.00238529849999,1,HIGH
1507,6014.872952,39.69104202,3.39,903.0878174,52.91333413,119.7545023,46.27688399,1.2776195613333332,-0.0139999999999993,8.858,52.57499999999999,0.04,-0.0240000000000009,20.07,20.27,71.839996,0.0,0.0,Centralized_AC,82.9922125345,1,HIGH
1498,6448.352239,45.12559794,3.703,902.0529364,50.13387376,120.8633608,46.27534196,1.3825687483333333,-0.0120000000000004,8.858,52.625000000000014,0.04,-0.0219999999999984,20.094999,20.27,71.389999,0.0,0.0,Centralized_AC,86.62698371399999,1,HIGH
1514,6773.941121,43.75314248,3.876,902.9090068,51.68100529,122.1394117,46.32142221,1.4023684026666665,-0.0139999999999993,8.858,52.60000000000001,0.0375000000000005,-0.0219999999999984,20.08,20.26,71.25,0.0,0.0,Normal_AC,88.11755579849998,1,HIGH
1498,7079.51258,49.79305347,4.124,905.4783484,51.39736464,125.4448071,46.30562858,1.458679716,-0.0139999999999993,8.858,52.60000000000001,0.04,-0.0240000000000009,20.07,20.26,71.459999,0.0,0.0,Cassette_AC,91.08719795100001,1,HIGH
1482,7185.250218,49.48988306,4.24,900.3842179,51.35819439,123.1395325,46.30021475,1.5110827936666666,-0.0120000000000004,8.854,52.64999999999999,0.04,-0.0219999999999984,20.049999,20.25,71.299995,0.0,0.0,Cassette_AC,92.3090960935,1,HIGH
1504,7358.899829,48.25992506,4.293,903.3024743,51.83649278,127.3891923,46.30226512,1.5260218116666666,-0.0139999999999993,8.854,52.725,0.04,-0.0219999999999984,20.039999,20.25,71.299995,0.0,0.0,Cassette_AC,93.997426342,1,HIGH
1489,7433.346332,49.96942689,4.383,904.1455199,51.35765916,126.7463976,46.32934479,1.5388741213333335,-0.0139999999999993,8.854,52.725,0.0375000000000005,-0.0219999999999984,20.039999,20.25,71.330002,0.0,0.0,Centralized_AC,94.329971914,1,HIGH
1487,7860.736261,54.24201081,4.677,897.6882281,51.76712503,125.4066023,46.31786011,1.6294963196666667,-0.0139999999999993,8.852,52.725,0.04,-0.0219999999999984,20.055,20.25,71.260002,0.0,0.0,Cassette_AC,97.36360891950001,1,HIGH
1481,8240.559837,57.31625464,4.955,892.8890118,50.97593217,129.1498738,46.34473896,1.7410095926666667,-0.0139999999999993,8.854,52.69999999999999,0.04,-0.0219999999999984,20.039999,20.25,71.260002,0.0,0.0,Normal_AC,102.08214605549999,1,HIGH
1498,8564.705845,55.84102948,5.113,903.3258752,53.42748351,130.5179001,46.2931861,1.7999817776666667,-0.0120000000000004,8.85,52.625000000000014,0.04,-0.0219999999999984,20.035,20.25,71.25,0.0,0.0,Centralized_AC,104.8770508815,1,HIGH
1500,8953.090085,59.20469202,5.367,894.0733838,54.74901912,132.850186,46.34543042,1.8732269413333331,-0.0120000000000004,8.848,52.625000000000014,0.04,-0.0219999999999984,20.039999,20.25,71.199997,0.0,0.0,Normal_AC,108.36370760799998,1,HIGH
1514,9423.063373,63.3264196,5.625,901.9280402,55.26095829,133.5700389,46.42205741,1.9435791130000002,-0.0139999999999993,8.848,52.55000000000001,0.04,-0.0219999999999984,20.049999,20.25,71.139999,0.0,0.0,Cassette_AC,111.2470268585,1,HIGH
1505,9797.593711,63.63582301,5.911,891.2597457,52.85707213,135.4948847,46.33113344,2.039235903666667,-0.0139999999999993,8.848,52.60000000000001,0.04,-0.0240000000000009,20.07,20.26,71.159996,0.0,0.0,Normal_AC,114.80935910450002,1,HIGH
1513,9876.611138,66.3321742,5.929,891.4358694,51.14064329,136.3179808,46.36132274,2.0446614316666665,-0.0139999999999993,8.848,52.625000000000014,0.04,-0.0219999999999984,20.049999,20.254999,71.220001,0.0,0.0,Cassette_AC,114.95643464349999,1,HIGH
1510,10019.49718,65.14182942,6.039,892.300593,55.18886283,136.1945871,46.38733072,2.128004139,-0.0120000000000004,8.846,52.60000000000001,0.04,-0.0240000000000009,20.039999,20.25,71.199997,0.0,0.0,Normal_AC,118.2531003695,1,HIGH
1512,10226.02905,64.74227767,6.165,891.2913846,52.88531966,133.2920338,46.38009252,2.140747625,-0.0120000000000004,8.846,52.57499999999999,0.04,-0.0240000000000009,20.049999,20.25,71.309998,0.0,0.0,Cassette_AC,117.816235149,1,HIGH
1501,10323.93172,68.51171843,6.277,891.1224514,55.05153435,134.764516,46.39310907,2.2182930216666663,-0.0120000000000004,8.844,52.64999999999999,0.04,-0.0240000000000009,20.049999,20.25,71.25,0.0,0.0,Centralized_AC,121.05964980249999,1,HIGH
1483,10336.61702,68.31264869,6.361,890.4076602,52.11653583,136.2782339,46.46943371,2.261430440333333,-0.0120000000000004,8.842,52.625000000000014,0.04,-0.0240000000000009,20.07,20.26,71.25,0.0,0.0,Centralized_AC,122.45995205949997,1,HIGH
1517,11001.14373,73.67115026,6.658,883.3741012,56.10524426,138.2594081,46.37795092,2.392373271333333,-0.0139999999999993,8.842,52.60000000000001,0.04,-0.0219999999999984,20.08,20.264999,71.220001,0.0,0.0,Centralized_AC,128.075836804,1,HIGH
1507,10966.24394,70.84857365,6.677,885.2193193,53.84332005,139.652603,46.45534663,2.372419866,-0.0120000000000004,8.84,52.725,0.04,-0.0219999999999984,20.09,20.264999,71.260002,0.0,0.0,Normal_AC,127.52424473749998,1,HIGH
1519,11349.96463,75.17441789,6.877,891.929931,54.26839406,138.497937,46.44610829,2.462454847,-0.0139999999999993,8.84,52.625000000000014,0.04,-0.0219999999999984,20.105,20.27,71.309998,0.0,0.0,Cassette_AC,130.400388769,1,HIGH
1517,11714.31998,77.33183527,7.125,882.9261285,57.03788437,140.2830486,46.41508856,2.5701216419999997,-0.0139999999999993,8.84,52.69999999999999,0.0375000000000005,-0.0219999999999984,20.09,20.27,71.369995,0.0,0.0,Normal_AC,134.9875940655,1,HIGH
1492,11720.21511,79.23276971,7.249,886.6329979,56.86030437,139.4683456,46.46602005,2.6738728833333334,-0.0139999999999993,8.836,52.57499999999999,0.04,-0.0219999999999984,20.07,20.26,71.459999,0.0,0.0,Centralized_AC,138.1183185555,1,HIGH
1491,11788.78988,77.1881866,7.299,879.9602511,52.65420483,141.7757168,46.43108233,2.6860609963333335,-0.0139999999999993,8.838,52.625000000000014,0.04,-0.0219999999999984,20.074999,20.25,71.559998,0.0,0.0,Normal_AC,138.52988981450002,1,HIGH
1492,12244.43848,81.43970766,7.599,889.0182073,54.98838695,141.7950637,46.43698041,2.826064021666667,-0.0139999999999993,8.836,52.525000000000006,0.04,-0.0219999999999984,20.039999,20.234999,71.5,0.0,0.0,Normal_AC,143.6849446175,1,HIGH
1517,2421.412814,19.56351003,1.0,801.5965145,50.77576989,119.0322962,46.20196366,0.9135519166666667,-0.0139999999999993,8.836,52.60000000000001,0.0424999999999995,-0.0219999999999984,20.029999,20.215,71.439995,0.0,0.0,Centralized_AC,66.7894970335,0,MEDIUM
1503,2634.210686,19.99018057,1.151,803.4384214,50.48041771,110.1780191,46.13413465,0.935107468,-0.0139999999999993,8.836,52.60000000000001,0.04,-0.0240000000000009,19.984999,20.205,71.549995,0.0,0.0,Centralized_AC,65.4797914715,0,MEDIUM
1505,2994.714482,19.4510936,1.388,807.1272898,50.20300406,111.0716932,46.15167249,0.9640375280000001,-0.0139999999999993,8.834,52.55000000000001,0.04,-0.0240000000000009,19.975,20.199999,71.5,0.0,0.0,Cassette_AC,67.003499749,0,MEDIUM
1487,2991.645036,21.00661936,1.407,806.9448484,50.15390579,110.3746195,46.16239482,0.9480704373333332,-0.0139999999999993,8.832,52.525000000000006,0.04,-0.0219999999999984,20.004999,20.205,71.470001,0.0,0.0,Cassette_AC,66.3808538635,0,MEDIUM
1497,3210.613589,24.08342696,1.539,799.3558977,51.06656041,113.7483513,46.20012095,0.9943782216666667,-0.0139999999999993,8.83,52.60000000000001,0.0424999999999995,-0.0219999999999984,19.98,20.205,71.529999,0.0,0.0,Normal_AC,69.0149185365,0,MEDIUM
1484,3467.676288,24.31332853,1.726,792.0902522,51.14777818,112.2657591,46.16055476,1.0190686436666667,-0.0139999999999993,8.83,52.57499999999999,0.04,-0.0240000000000009,19.99,20.205,71.559998,0.0,0.0,Centralized_AC,69.77066581199999,0,MEDIUM
1480,3523.383349,24.29728586,1.77,794.9660173,51.11731297,115.1817771,46.11960389,1.0016160126666664,-0.0139999999999993,8.83,52.49999999999999,0.04,-0.0219999999999984,20.0,20.195,71.580002,0.0,0.0,Cassette_AC,70.05952160049999,1,HIGH
1514,3723.979662,24.0651791,1.863,791.1198413,50.38402085,115.0116061,46.16557294,1.0198809716666668,-0.0139999999999993,8.828,52.525000000000006,0.04,-0.0219999999999984,20.02,20.195,71.489998,0.0,0.0,Cassette_AC,70.6409338025,1,HIGH
1505,3957.657676,26.75655408,2.032,790.6991584,50.08508834,113.0967987,46.15654889,1.024659586,-0.0139999999999993,8.828,52.525000000000006,0.04,-0.0219999999999984,20.029999,20.195,71.580002,0.0,0.0,Centralized_AC,70.598750506,1,HIGH
1510,4399.788606,28.09060842,2.314,793.6608694,51.48465414,117.0740854,46.18584172,1.0587025256666667,-0.0139999999999993,8.826,52.55000000000001,0.04,-0.0240000000000009,20.0,20.195,71.68,0.0,0.0,Centralized_AC,73.388295241,1,HIGH
1495,4609.739608,33.10983482,2.48,794.2860409,50.12887771,115.013025,46.23842378,1.1021279776666666,-0.0139999999999993,8.826,52.49999999999999,0.04,-0.0219999999999984,19.98,20.189999,71.739998,0.0,0.0,Normal_AC,74.30442723649999,1,HIGH
1497,5011.705865,34.64111607,2.742,784.7597701,51.88722911,118.1322957,46.21534879,1.1797961066666667,-0.0120000000000004,8.826,52.55000000000001,0.04,-0.0219999999999984,19.984999,20.195,71.739998,0.0,0.0,Centralized_AC,78.2020414915,1,HIGH
1513,5239.364265,35.70875506,2.866,787.9945758,52.56893517,117.6932171,46.22602604,1.1813443656666667,-0.0139999999999993,8.822,52.60000000000001,0.0375000000000005,-0.0219999999999984,20.004999,20.195,71.709999,0.0,0.0,Cassette_AC,78.48847552049999,1,HIGH
1487,5225.997337,34.04494883,2.907,777.922642,50.50215673,118.5303493,46.18397056,1.216604359,-0.0139999999999993,8.824,52.60000000000001,0.04,-0.0219999999999984,19.984999,20.195,71.709999,0.0,0.0,Centralized_AC,79.52804160449998,1,HIGH
1494,5277.985873,38.31529918,2.929,780.5200015,51.95980398,118.7275675,46.22329077,1.171306856,-0.0139999999999993,8.822,52.49999999999999,0.04,-0.0219999999999984,19.969999,20.195,71.739998,0.0,0.0,Normal_AC,78.48106815199999,1,HIGH
1488,5712.576495,36.82228099,3.234,785.6744127,52.2740097,122.4785387,46.23422001,1.2749886553333332,-0.0139999999999993,8.82,52.45,0.04,-0.0219999999999984,20.004999,20.195,71.699997,0.0,0.0,Cassette_AC,83.18639578999999,1,HIGH
1487,5906.243033,38.84435189,3.364,772.331393,50.22015174,123.0838759,46.26720289,1.283488391,-0.0139999999999993,8.82,52.400000000000006,0.04,-0.0219999999999984,20.004999,20.184999,71.709999,0.0,0.0,Centralized_AC,83.54464346599998,1,HIGH
1507,6103.434821,40.56844874,3.452,776.1121503,50.36428917,119.549697,46.25122526,1.3085815883333334,-0.0139999999999993,8.82,52.625000000000014,0.04,-0.0219999999999984,20.004999,20.184999,71.739998,0.0,0.0,Cassette_AC,83.6115152755,1,HIGH
1482,6312.419804,43.17609825,3.65,781.7000239,53.05284148,120.769083,46.26086382,1.3682828263333333,-0.0120000000000004,8.818,52.49999999999999,0.04,-0.0219999999999984,20.0,20.195,71.739998,0.0,0.0,Centralized_AC,86.50668176199999,1,HIGH
1506,6679.289822,46.9181065,3.836,772.7358791,50.44822038,125.3415897,46.29233234,1.3912499626666666,-0.0139999999999993,8.818,52.49999999999999,0.04,-0.0219999999999984,20.02,20.195,71.549995,0.0,0.0,Cassette_AC,88.32012936199999,1,HIGH
1486,6993.85534,48.81101996,4.098,773.4965497,52.56935393,123.7540194,46.24123716,1.459455491,-0.0139999999999993,8.818,52.49999999999999,0.04,-0.0219999999999984,20.004999,20.195,71.689995,0.0,0.0,Cassette_AC,90.8115726695,1,HIGH
1492,7162.057347,48.29179509,4.196,767.0481118,52.07893582,125.8069658,46.28608951,1.4702810846666667,-0.0139999999999993,8.816,52.49999999999999,0.04,-0.0219999999999984,20.025,20.189999,71.589996,0.0,0.0,Centralized_AC,91.772014363,1,HIGH
1512,7441.066407,47.523339,4.324,772.3959732,52.35132813,128.7346943,46.32637934,1.5363967909999998,-0.0139999999999993,8.816,52.57499999999999,0.04,-0.0240000000000009,20.039999,20.205,71.580002,0.0,0.0,Cassette_AC,94.78427652449997,1,HIGH
1489,7457.808099,51.28979633,4.404,772.4369328,51.03845771,126.8023789,46.36824144,1.5602391366666666,-0.0139999999999993,8.814,52.625000000000014,0.04,-0.0219999999999984,20.049999,20.215,71.629997,0.0,0.0,Cassette_AC,94.97953748149999,1,HIGH
1518,8021.339501,52.0193339,4.69,762.3291168,51.37363249,126.3250635,46.35763997,1.610967315,-0.0139999999999993,8.812,52.47500000000001,0.0424999999999995,-0.0219999999999984,20.039999,20.215,71.769997,0.0,0.0,Centralized_AC,97.00483019849999,1,HIGH
1500,8146.638333,54.78252133,4.828,770.7191747,54.03129112,127.3983543,46.39669532,1.683648671,-0.0139999999999993,8.812,52.49999999999999,0.0424999999999995,-0.0219999999999984,20.029999,20.215,71.82,0.0,0.0,Normal_AC,100.12824237299999,1,HIGH
1513,8391.454038,55.30864834,4.948,761.6581208,52.16291024,127.1078941,46.34872298,1.718144849,-0.0139999999999993,8.812,52.525000000000006,0.04,-0.0219999999999984,20.039999,20.215,71.82,0.0,0.0,Cassette_AC,101.049755531,1,HIGH
1492,8296.862512,57.56410342,4.953,757.8566621,50.66253691,128.141269,46.34231276,1.721514019,-0.0139999999999993,8.81,52.49999999999999,0.04,-0.0240000000000009,20.039999,20.215,71.82,0.0,0.0,Normal_AC,101.1941183565,1,HIGH
1509,8629.453307,58.3830523,5.121,759.6023048,51.55433236,127.933538,46.34438647,1.7972912826666667,-0.0139999999999993,8.808,52.525000000000006,0.04,-0.0240000000000009,20.039999,20.215,71.790001,0.0,0.0,Cassette_AC,103.885272834,1,HIGH
1487,8722.224902,59.22402558,5.259,762.1340328,50.45011853,131.5130846,46.31907311,1.8400498846666666,-0.0139999999999993,8.808,52.49999999999999,0.04,-0.0240000000000009,20.039999,20.215,71.839996,0.0,0.0,Normal_AC,106.1732854695,1,HIGH
1506,8840.437018,60.75345676,5.27,752.9683552,53.55337285,129.0636387,46.37202269,1.801210655,-0.0139999999999993,8.806,52.42500000000001,0.04,-0.0219999999999984,20.045,20.215,71.839996,0.0,0.0,Normal_AC,104.8832352525,1,HIGH
1484,9211.349674,61.46208761,5.6,760.2448002,51.64263043,133.3677548,46.40898234,1.934784381,-0.0139999999999993,8.806,52.49999999999999,0.04,-0.0219999999999984,20.074999,20.23,71.839996,0.0,0.0,Normal_AC,110.3398646945,1,HIGH
1483,9343.975168,62.45491185,5.694,759.6558022,51.46780199,134.6442935,46.39402115,1.9981163746666668,-0.0139999999999993,8.804,52.49999999999999,0.04,-0.0219999999999984,20.084999,20.25,71.82,0.0,0.0,Normal_AC,112.72073491350001,1,HIGH
1486,9566.606501,63.40230073,5.831,750.4647715,53.59460044,132.7136038,46.36347071,2.051910030333333,-0.0139999999999993,8.804,52.57499999999999,0.04,-0.0219999999999984,20.094999,20.26,71.790001,0.0,0.0,Cassette_AC,114.444891926,1,HIGH
1500,9691.832855,62.97713426,5.858,757.0217003,55.29135292,135.7292616,46.34226932,2.0752665279999998,-0.0139999999999993,8.804,52.55000000000001,0.04,-0.0240000000000009,20.09,20.26,71.839996,0.0,0.0,Centralized_AC,116.20801417799998,1,HIGH
1501,9716.277464,65.87327838,5.871,745.3100567,54.62372995,135.0890901,46.4009191,2.056269199,-0.0139999999999993,8.8,52.49999999999999,0.04,-0.0240000000000009,20.094999,20.26,71.889999,0.0,0.0,Normal_AC,115.4039079875,1,HIGH
1509,10048.46767,68.47463361,6.062,753.2600804,52.87289784,132.8007529,46.4238134,2.1570889589999998,-0.0139999999999993,8.8,52.42500000000001,0.0375000000000005,-0.0240000000000009,20.1,20.264999,71.869995,0.0,0.0,Cassette_AC,117.97529167099998,1,HIGH
1480,10354.81715,67.56951786,6.387,751.7329647,51.12596105,137.5667713,46.37925772,2.243440304,-0.0139999999999993,8.8,52.400000000000006,0.04,-0.0219999999999984,20.109999,20.27,71.939995,0.0,0.0,Centralized_AC,122.1457961025,1,HIGH
1504,10885.54114,70.64627127,6.639,747.7610668,50.83449586,139.7635782,46.39672893,2.3802196783333334,-0.0139999999999993,8.8,52.375,0.04,-0.0219999999999984,20.109999,20.26,71.939995,0.0,0.0,Normal_AC,127.25865927900001,1,HIGH
1495,10919.3305,71.40794769,6.701,752.6699091,52.01805755,135.4843275,46.4839843,2.3891178663333332,-0.0139999999999993,8.8,52.47500000000001,0.04,-0.0219999999999984,20.109999,20.275,71.959999,0.0,0.0,Cassette_AC,126.75732649749999,1,HIGH
1513,2419.425558,17.30476442,1.0,298.8091298,50.31828474,95.44534501,46.02434169,0.9501532316666667,-0.0120000000000004,8.798,52.45,0.04,-0.0219999999999984,20.109999,20.27,72.010002,0.0,0.0,Normal_AC,61.9216759135,0,MEDIUM
1518,2758.865554,19.49204639,1.222,290.1164549,50.34155043,101.2814506,45.99701098,0.9605830816666666,-0.0120000000000004,8.796,52.325,0.04,-0.0219999999999984,20.109999,20.275,72.029999,0.0,0.0,Normal_AC,64.14108766449999,0,MEDIUM
1491,2835.092759,19.66318626,1.295,290.4390921,50.47982578,99.26507244,46.01787511,0.9411569133333333,-0.0139999999999993,8.794,52.42500000000001,0.04,-0.0240000000000009,20.109999,20.27,72.080002,0.0,0.0,Cassette_AC,63.220949377000004,0,MEDIUM
1508,3016.007463,21.72992594,1.399,292.2182503,50.0913119,101.1605529,46.0428585,0.9441022846666666,-0.0120000000000004,8.794,52.42500000000001,0.04,-0.0219999999999984,20.115,20.275,72.129997,0.0,0.0,Cassette_AC,63.932903550000006,0,MEDIUM
1493,3443.326084,23.48624932,1.7,291.3749777,50.5404205,102.9263668,46.02415097,1.0083123016666666,-0.0139999999999993,8.794,52.525000000000006,0.04,-0.0219999999999984,20.115,20.27,72.189995,0.0,0.0,Normal_AC,66.97002382499998,0,MEDIUM
1506,3634.439982,28.0077434,1.815,285.3685982,51.4615344,99.86584759,46.04356867,0.9861801296666667,-0.0139999999999993,8.794,52.55000000000001,0.04,-0.0219999999999984,20.115,20.279999,72.169998,0.0,0.0,Cassette_AC,65.9090959475,0,MEDIUM
1510,3657.443178,27.84873138,1.826,288.4980262,51.21125945,102.52048,46.11047515,1.011180516,-0.0139999999999993,8.792,52.42500000000001,0.04,-0.0219999999999984,20.109999,20.275,72.189995,0.0,0.0,Normal_AC,67.3072243975,0,MEDIUM
1486,3724.293229,25.61142975,1.897,289.3199279,50.37315399,100.7017017,46.04973203,1.0438531003333333,-0.0139999999999993,8.79,52.400000000000006,0.04,-0.0240000000000009,20.1,20.279999,72.229996,0.0,0.0,Normal_AC,67.8489915335,0,MEDIUM
1519,3973.293663,27.38573217,2.021,286.7729872,51.80253285,103.4812506,46.02418387,1.042717773,-0.0120000000000004,8.788,52.47500000000001,0.0424999999999995,-0.0240000000000009,20.09,20.27,72.279999,0.0,0.0,Normal_AC,68.9727257675,0,MEDIUM
1517,4255.2305,27.03335862,2.209,295.1066714,51.6558108,103.1711286,46.08560176,1.040446856,-0.0139999999999993,8.788,52.42500000000001,0.04,-0.0240000000000009,20.08,20.264999,72.339996,0.0,0.0,Normal_AC,69.18055944999999,0,MEDIUM
1480,4592.887629,33.60878887,2.491,293.3804004,51.618079,106.9091049,46.0799802,1.092898763,-0.0139999999999993,8.788,52.325,0.04,-0.0219999999999984,20.07,20.26,72.330002,0.0,0.0,Normal_AC,72.246950965,1,HIGH
1496,5012.929309,36.29268313,2.748,292.6968478,50.89413639,106.7161047,46.10821279,1.156717865,-0.0120000000000004,8.786,52.325,0.04,-0.0219999999999984,20.094999,20.27,72.309998,0.0,0.0,Cassette_AC,74.5186825835,1,HIGH
1508,5499.883937,36.09871581,3.05,295.9233176,52.14145927,106.1642548,46.14527136,1.224182493,-0.0139999999999993,8.786,52.325,0.04,-0.0219999999999984,20.1,20.27,72.309998,0.0,0.0,Centralized_AC,77.19575738049998,1,HIGH
1485,5774.857047,41.86071572,3.282,290.6634409,50.06734833,110.5263488,46.12384967,1.264925056,-0.0120000000000004,8.784,52.42500000000001,0.04,-0.0240000000000009,20.1,20.27,72.360001,0.0,0.0,Cassette_AC,79.66144112949998,1,HIGH
1495,6179.751616,43.24684813,3.529,286.4988592,52.03115331,110.4889072,46.21192398,1.2994321816666667,-0.0139999999999993,8.784,52.400000000000006,0.04,-0.0219999999999984,20.109999,20.275,72.309998,0.0,0.0,Normal_AC,81.4758652465,1,HIGH
1511,6609.085686,44.94256795,3.775,293.2522283,51.76028281,112.812548,46.17861227,1.3583328243333332,-0.0139999999999993,8.784,52.400000000000006,0.04,-0.0240000000000009,20.115,20.275,72.290001,0.0,0.0,Cassette_AC,84.27516415149998,1,HIGH
1493,6891.861972,45.2259953,4.01,289.4282672,51.11078209,114.0258562,46.13521179,1.440525515,-0.0139999999999993,8.782,52.42500000000001,0.04,-0.0240000000000009,20.109999,20.275,72.269997,0.0,0.0,Normal_AC,87.41684681349999,1,HIGH
1492,7270.325502,49.84382227,4.267,290.7028714,50.19824799,115.4928704,46.20664025,1.505864366,-0.0139999999999993,8.78,52.3,0.04,-0.0219999999999984,20.109999,20.285,72.32,0.0,0.0,Centralized_AC,90.1208857785,1,HIGH
1492,7389.651579,51.88855284,4.347,288.055972,52.50722336,113.5595113,46.21476855,1.5083551406666666,-0.0139999999999993,8.78,52.42500000000001,0.04,-0.0240000000000009,20.129999,20.285,72.360001,0.0,0.0,Centralized_AC,90.21861554899999,1,HIGH
1519,7727.880911,50.58933463,4.492,291.8881451,51.98593095,116.3048455,46.14518056,1.558012028,-0.0139999999999993,8.778,52.42500000000001,0.04,-0.0219999999999984,20.139999,20.299999,72.309998,0.0,0.0,Centralized_AC,92.6064618575,1,HIGH
1518,8219.464457,55.47322233,4.82,294.3356951,54.51574295,114.9439081,46.20583764,1.6544151566666667,-0.0139999999999993,8.778,52.400000000000006,0.04,-0.0240000000000009,20.135,20.309999,72.339996,0.0,0.0,Normal_AC,96.1937931675,1,HIGH
1505,8558.973637,55.95353497,5.089,292.1657133,51.35495107,118.7874833,46.21612624,1.7487245043333335,-0.0139999999999993,8.778,52.325,0.04,-0.0219999999999984,20.139999,20.309999,72.339996,0.0,0.0,Cassette_AC,100.0478486155,1,HIGH
1505,8577.161102,54.68106349,5.098,288.242286,54.42594949,119.9630218,46.23949833,1.7727281550000002,-0.0139999999999993,8.778,52.375,0.0375000000000005,-0.0219999999999984,20.129999,20.309999,72.43,0.0,0.0,Normal_AC,101.5399925235,1,HIGH
1490,8623.580678,57.49960523,5.179,290.0838102,51.19412224,118.6655134,46.21024731,1.7839064046666666,-0.0139999999999993,8.776,52.42500000000001,0.0424999999999995,-0.0240000000000009,20.119999,20.285,72.389999,0.0,0.0,Cassette_AC,101.229188826,1,HIGH
1493,8939.6144,60.1345446,5.383,293.1632889,55.18025686,117.9863437,46.24099274,1.8913060413333334,-0.0139999999999993,8.774,52.400000000000006,0.0375000000000005,-0.0240000000000009,20.109999,20.279999,72.510002,0.0,0.0,Normal_AC,105.28630569399999,1,HIGH
1502,9107.13742,62.53797632,5.46,286.126078,50.16188129,118.6968771,46.25995501,1.876730558666667,-0.0139999999999993,8.774,52.400000000000006,0.04,-0.0219999999999984,20.109999,20.275,72.549995,0.0,0.0,Centralized_AC,104.4284182285,1,HIGH
1508,9188.224644,58.83062975,5.492,284.3040486,51.88829476,121.252999,46.25373598,1.9320747903333333,-0.0139999999999993,8.774,52.325,0.04,-0.0219999999999984,20.109999,20.275,72.559998,0.0,0.0,Normal_AC,107.05073767399999,1,HIGH
1486,9187.622103,62.94957019,5.574,289.7006434,54.95651657,119.0327892,46.21863527,1.9105851626666668,-0.0139999999999993,8.77,52.42500000000001,0.04,-0.0219999999999984,20.1,20.275,72.519997,0.0,0.0,Normal_AC,106.47522966549998,1,HIGH
1488,9198.894688,61.90515212,5.575,280.702648,54.02431533,118.5001708,46.2998936,1.957821899,-0.0139999999999993,8.77,52.42500000000001,0.04,-0.0240000000000009,20.084999,20.279999,72.589996,0.0,0.0,Centralized_AC,107.6213469695,1,HIGH
1504,9292.352513,59.18539253,5.577,289.3727376,54.77048789,122.1967015,46.19649929,1.9534579360000002,-0.0139999999999993,8.768,52.42500000000001,0.04,-0.0240000000000009,20.09,20.279999,72.599998,0.0,0.0,Centralized_AC,108.5304866385,1,HIGH
1517,9384.681214,60.05778504,5.59,291.74936,54.55407088,121.9112846,46.23123806,1.9370051753333335,-0.0120000000000004,8.768,52.42500000000001,0.04,-0.0240000000000009,20.09,20.27,72.559998,0.0,0.0,Centralized_AC,107.95908704200001,1,HIGH
1506,9621.247876,62.64238996,5.791,292.0239616,50.50695034,121.7159415,46.30924845,2.015305548666667,-0.0139999999999993,8.768,52.35000000000001,0.04,-0.0240000000000009,20.08,20.27,72.610001,0.0,0.0,Normal_AC,110.05419438599999,1,HIGH
1501,9765.133702,65.96943472,5.902,284.5948262,50.03412777,123.4892001,46.21210062,2.082773159,-0.0139999999999993,8.766,52.42500000000001,0.04,-0.0240000000000009,20.09,20.275,72.580002,0.0,0.0,Centralized_AC,112.6726139605,1,HIGH
1517,10353.42253,69.7090667,6.229,280.4838889,55.71313199,124.976552,46.29602051,2.218381792,-0.0139999999999993,8.766,52.400000000000006,0.04,-0.0240000000000009,20.109999,20.285,72.529999,0.0,0.0,Normal_AC,118.6185615585,1,HIGH
1511,10536.94882,70.01888145,6.374,280.5968679,55.8819293,126.8086447,46.28740797,2.24396527,-0.0139999999999993,8.764,52.35000000000001,0.04,-0.0219999999999984,20.109999,20.285,72.479996,0.0,0.0,Cassette_AC,120.15940867,1,HIGH
1481,10729.35514,70.43260166,6.636,280.3903699,50.39865072,123.7968546,46.25212436,2.3896267623333336,-0.0139999999999993,8.764,52.42500000000001,0.04,-0.0240000000000009,20.119999,20.289999,72.449997,0.0,0.0,Centralized_AC,123.477814128,1,HIGH
1481,11009.35699,72.75725299,6.824,279.6995138,51.48911114,124.8402858,46.2823704,2.4657699293333333,-0.0120000000000004,8.764,52.42500000000001,0.04,-0.0240000000000009,20.119999,20.299999,72.449997,0.0,0.0,Normal_AC,126.56253600099998,1,HIGH
1506,11445.75836,74.31381283,6.999,285.2908393,52.73951964,126.0838525,46.32501658,2.5378438433333335,-0.0139999999999993,8.76,52.42500000000001,0.04,-0.0240000000000009,20.129999,20.299999,72.479996,0.0,0.0,Normal_AC,129.57320637100003,1,HIGH
1489,11503.36193,73.90705908,7.119,276.9130386,52.4743994,127.8792808,46.34647938,2.580203754333333,-0.0139999999999993,8.76,52.35000000000001,0.04,-0.0219999999999984,20.129999,20.309999,72.479996,0.0,0.0,Centralized_AC,131.49309274,1,HIGH
1510,11673.14744,76.83059866,7.134,281.4959987,54.88369217,129.2760777,46.32803699,2.581168503333333,-0.0120000000000004,8.76,52.325,0.04,-0.0219999999999984,20.129999,20.314999,72.5,0.0,0.0,Normal_AC,132.2626283505,1,HIGH
2004,2910.013211,16.39955897,1.0,1225.510924,55.74036252,108.4677328,46.09016237,0.876391225,-0.0139999999999993,8.76,52.42500000000001,0.04,-0.0219999999999984,20.129999,20.309999,72.5,0.0,0.0,Centralized_AC,63.777724328,0,MEDIUM
1980,3173.343578,16.78561782,1.147,1229.905222,54.95135923,106.9309881,46.13630506,0.9094593239999998,-0.0139999999999993,8.758,52.275000000000006,0.04,-0.0240000000000009,20.129999,20.309999,72.529999,0.0,0.0,Centralized_AC,64.56123062949999,0,MEDIUM
2013,3374.35209,20.1485086,1.227,1226.35962,55.1510299,109.694577,46.12255339,0.9094445990000001,-0.0139999999999993,8.756,52.325,0.04,-0.0219999999999984,20.145,20.309999,72.639999,0.0,0.0,Cassette_AC,65.441636705,0,MEDIUM
2006,3757.88248,18.74951873,1.422,1219.980467,55.4684668,111.3880481,46.10772304,0.9419798723333334,-0.0120000000000004,8.756,52.3,0.0375000000000005,-0.0219999999999984,20.145,20.314999,72.639999,0.0,0.0,Centralized_AC,67.278178215,0,MEDIUM
2011,4096.651935,22.37053485,1.586,1219.67153,56.50563243,112.1688685,46.09226609,0.9593230233333333,-0.0139999999999993,8.758,52.325,0.04,-0.0219999999999984,20.129999,20.309999,72.699997,0.0,0.0,Cassette_AC,68.4777526895,0,MEDIUM
1998,4111.589202,22.71165963,1.606,1223.80579,55.52245477,110.6848819,46.11830251,0.9227859246666666,-0.0139999999999993,8.754,52.325,0.04,-0.0240000000000009,20.1,20.285,72.879997,0.0,0.0,Centralized_AC,66.90316643050001,0,MEDIUM
2002,4541.264384,26.36111434,1.816,1222.623057,55.72603917,113.6384013,46.14335694,0.987198136,-0.0139999999999993,8.754,52.25,0.04,-0.0240000000000009,20.039999,20.26,73.0,0.0,0.0,Cassette_AC,70.02445028049999,1,HIGH
2014,5126.240702,28.82765718,2.095,1219.907377,56.71736941,114.9093586,46.18626131,1.0323299486666666,-0.0139999999999993,8.752,52.125,0.04,-0.0219999999999984,20.01,20.215,73.129997,0.0,0.0,Cassette_AC,72.40284352149999,1,HIGH
2001,5501.454174,27.88721389,2.299,1216.62009,56.88382498,115.3301157,46.24230971,1.0518515423333334,-0.0139999999999993,8.752,52.125,0.04,-0.0219999999999984,19.969999,20.195,73.010002,0.0,0.0,Cassette_AC,73.526648942,1,HIGH
1983,5623.314259,29.67206979,2.381,1220.639626,56.25316665,112.982522,46.14650134,1.02305127,-0.0120000000000004,8.75,52.275000000000006,0.04,-0.0240000000000009,19.969999,20.189999,73.080002,0.0,0.0,Centralized_AC,72.1451435975,1,HIGH
2017,5721.464054,29.62459555,2.388,1216.951769,57.38042289,116.4721215,46.15180737,1.0293307683333335,-0.0139999999999993,8.75,52.22500000000001,0.04,-0.0240000000000009,19.969999,20.18,73.049995,0.0,0.0,Cassette_AC,73.3890168585,1,HIGH
1991,6318.309699,33.24192826,2.721,1212.308012,55.02032448,117.0248253,46.2654342,1.1350708130000002,-0.0120000000000004,8.75,52.325,0.0375000000000005,-0.0240000000000009,19.969999,20.17,73.18,0.0,0.0,Cassette_AC,77.01087938700002,1,HIGH
2013,6816.808032,33.48833232,2.936,1212.818138,56.51249627,119.7626671,46.20991325,1.1374073646666667,-0.0139999999999993,8.748,52.325,0.04,-0.0240000000000009,19.969999,20.154999,73.159996,0.0,0.0,Normal_AC,78.4197621555,1,HIGH
2003,6838.35031,35.1519651,2.963,1209.674346,55.51126959,118.3831305,46.22155585,1.1613446740000002,-0.0139999999999993,8.748,52.25,0.04,-0.0240000000000009,19.969999,20.15,73.159996,0.0,0.0,Centralized_AC,78.69681328349999,1,HIGH
2019,7199.853171,36.08611047,3.117,1210.468676,57.008382,120.5253098,46.2650539,1.165657105,-0.0139999999999993,8.746,52.3,0.04,-0.0219999999999984,19.965,20.139999,73.360001,0.0,0.0,Centralized_AC,79.8942979,1,HIGH
1993,7265.155542,36.41413599,3.191,1207.416956,57.11486501,116.9565995,46.28135595,1.1917987446666667,-0.0139999999999993,8.746,52.325,0.04,-0.0240000000000009,19.969999,20.125,73.43,0.0,0.0,Normal_AC,79.95034196649999,1,HIGH
1981,7659.224573,39.21993665,3.41,1212.601261,56.68596389,117.3202436,46.26638508,1.224716922,-0.0139999999999993,8.744,52.3,0.04,-0.0240000000000009,19.965,20.115,73.580002,0.0,0.0,Normal_AC,81.40246314349999,1,HIGH
1983,8079.701519,39.89243937,3.62,1207.352293,55.50496864,118.5030734,46.32069528,1.3012585826666667,-0.0139999999999993,8.742,52.325,0.0375000000000005,-0.0240000000000009,19.959999,20.109999,73.580002,0.0,0.0,Cassette_AC,84.23677112599998,1,HIGH
2010,8346.371632,44.60486161,3.702,1211.356428,57.04137449,121.3731455,46.24724892,1.338496997,-0.0139999999999993,8.742,52.2,0.04,-0.0240000000000009,19.955,20.055,73.970001,0.0,0.0,Centralized_AC,86.4664024585,1,HIGH
1991,8307.15383,43.04018939,3.717,1207.523496,57.993824,119.964672,46.27592546,1.315567752,-0.0139999999999993,8.74,52.3,0.04,-0.0240000000000009,19.74,19.955,75.619995,0.0,0.0,Normal_AC,85.59927415999998,1,HIGH
1985,8352.936186,44.93753231,3.752,1205.741223,57.98397477,122.0238264,46.30028575,1.331138746,-0.0139999999999993,8.74,52.2,0.04,-0.0219999999999984,19.639999,19.885,76.650002,0.0,0.0,Centralized_AC,86.6497151955,1,HIGH
2007,9046.787728,46.84334699,4.059,1206.052734,57.66518963,125.3174247,46.25769302,1.4195637479999998,-0.0139999999999993,8.74,52.25,0.04,-0.0240000000000009,19.529999,19.834999,77.330002,0.0,0.0,Cassette_AC,90.69204705949998,1,HIGH
1997,9130.693174,44.60525115,4.119,1200.30621,56.63797729,121.5884909,46.27570652,1.433214561,-0.0139999999999993,8.736,52.2,0.04,-0.0219999999999984,19.459999,19.785,78.379997,0.0,0.0,Cassette_AC,90.13525614849999,1,HIGH
1997,9197.972369,45.70265487,4.153,1193.949398,58.99141236,121.4768519,46.28350067,1.437453915,-0.0139999999999993,8.738,52.2,0.04,-0.0219999999999984,19.439999,19.734999,78.650002,0.0,0.0,Normal_AC,90.655542279,1,HIGH
2010,9714.376325,46.24102783,4.383,1194.068883,56.98817297,126.2702137,46.31395486,1.5310626459999999,-0.0139999999999993,8.738,52.25,0.0375000000000005,-0.0219999999999984,19.455,19.725,78.189995,0.0,0.0,Centralized_AC,94.82115875049999,1,HIGH
1984,10024.90716,49.59325971,4.598,1192.860391,59.17464628,122.7041925,46.34462988,1.5975490636666665,-0.0139999999999993,8.736,52.150000000000006,0.04,-0.0219999999999984,19.49,19.715,77.709999,0.0,0.0,Cassette_AC,96.682716977,1,HIGH
2020,10344.46102,50.76760606,4.672,1196.65127,57.41918639,124.7357152,46.38152169,1.6002286843333333,-0.0139999999999993,8.734,52.125,0.0375000000000005,-0.0240000000000009,19.49,19.725,78.330002,0.0,0.0,Cassette_AC,97.1551672885,1,HIGH
2002,10858.64669,53.32223493,4.971,1198.118288,59.46100454,127.8302689,46.33554272,1.6868704586666665,-0.0139999999999993,8.734,52.2,0.04,-0.0219999999999984,19.43,19.725,78.699997,0.0,0.0,Centralized_AC,101.432831666,1,HIGH
1988,11337.85292,59.42838767,5.248,1200.578391,55.54639512,127.2345613,46.26547765,1.7693792599999998,-0.0139999999999993,8.734,52.125,0.04,-0.0219999999999984,19.4,19.705,79.400002,0.0,0.0,Normal_AC,103.72597739299998,1,HIGH
1980,11517.56916,60.54716855,5.361,1190.942626,56.89526292,126.4356,46.36735773,1.8186593753333333,-0.0139999999999993,8.732,52.25,0.0424999999999995,-0.0219999999999984,19.424999,19.705,79.93,0.0,0.0,Centralized_AC,105.433470698,1,HIGH
2010,12145.24007,60.60629961,5.594,1187.380377,58.0399141,133.0272662,46.38412708,1.9013763,-0.0139999999999993,8.732,52.3,0.04,-0.0240000000000009,19.475,19.719999,79.979996,0.0,0.0,Cassette_AC,110.200092665,1,HIGH
2020,12490.91221,62.31697802,5.735,1190.633407,56.27235334,133.592096,46.40056746,1.9415668569999998,-0.0120000000000004,8.728,52.3,0.04,-0.0240000000000009,19.475,19.764999,80.040001,0.0,0.0,Centralized_AC,111.56388271099998,1,HIGH
1988,12888.5203,64.15287525,6.029,1196.666203,60.5489743,132.3382653,46.34548663,2.0659942929999997,-0.0139999999999993,8.728,52.3,0.04,-0.0240000000000009,19.459999,19.785,80.360001,0.0,0.0,Cassette_AC,116.21274125999999,1,HIGH
2013,13371.81516,68.16752183,6.195,1190.286229,60.8541068,133.5949581,46.35920195,2.137914777,-0.0139999999999993,8.728,52.175,0.04,-0.0219999999999984,19.49,19.809999,80.540001,0.0,0.0,Normal_AC,119.062298855,1,HIGH
2002,13848.43438,70.79879727,6.467,1182.314814,61.14147029,134.2457933,46.42936861,2.2661918306666666,-0.0139999999999993,8.728,52.1,0.04,-0.0240000000000009,19.49,19.82,80.759995,0.0,0.0,Centralized_AC,123.6604237885,1,HIGH
2004,13954.88604,69.25436593,6.512,1192.27389,60.7932553,134.7479372,46.4056191,2.2603305716666666,-0.0139999999999993,8.726,52.2,0.04,-0.0219999999999984,19.49,19.82,81.040001,0.0,0.0,Centralized_AC,123.64788974499999,1,HIGH
1991,14169.98117,71.68696195,6.662,1184.176953,60.84372835,137.434417,46.36882198,2.368953368,-0.0139999999999993,8.726,52.2,0.04,-0.0219999999999984,19.459999,19.859999,81.479996,0.0,0.0,Cassette_AC,127.8857645425,1,HIGH
2009,14702.17386,74.42462273,6.87,1192.756705,55.65976741,137.140161,46.47379469,2.440666861,-0.0139999999999993,8.724,52.1,0.04,-0.0240000000000009,19.529999,19.855,82.099998,0.0,0.0,Centralized_AC,129.6020111915,1,HIGH
1995,14639.75588,73.05470801,6.884,1188.41089,55.24300621,134.9036115,46.40610311,2.4341297423333335,-0.0139999999999993,8.722,52.2,0.04,-0.0240000000000009,19.67,19.945,82.0,0.0,0.0,Normal_AC,128.81224607650003,1,HIGH
1982,14965.8762,72.87657492,7.095,1190.712544,59.1259553,136.0851743,46.40058139,2.551989282,-0.0139999999999993,8.724,52.075,0.04,-0.0240000000000009,19.92,19.994999,81.299995,0.0,0.0,Centralized_AC,133.64786533,1,HIGH
2009,2913.78904,13.98265629,1.0,1228.25512,63.3741275,109.2796788,46.14641837,0.8860835260000001,-0.0139999999999993,8.722,52.125,0.0375000000000005,-0.0240000000000009,20.004999,20.064999,80.82,0.0,0.0,Cassette_AC,65.416044605,0,MEDIUM
2017,2978.339558,18.51441394,1.029,1221.735399,63.23991167,107.78413,46.11583466,0.8994906443333334,-0.0139999999999993,8.72,52.1,0.04,-0.0240000000000009,20.105,20.125,80.68,0.0,0.0,Normal_AC,65.4827385805,0,MEDIUM
1990,3279.001702,16.69672866,1.195,1217.9145,63.90485146,108.1836148,46.16850496,0.8873333716666667,-0.0139999999999993,8.72,52.1,0.04,-0.0240000000000009,20.195,20.18,80.259995,0.0,0.0,Cassette_AC,65.649632569,0,MEDIUM
1986,3404.737273,18.54890026,1.259,1224.007022,63.57902202,107.529024,46.16548343,0.899846566,-0.0139999999999993,8.718,52.125,0.04,-0.0219999999999984,20.184999,20.199999,80.18,0.0,0.0,Centralized_AC,65.94050628299999,0,MEDIUM
2006,3626.301086,20.36801121,1.356,1226.20758,63.98788365,108.6499859,46.14855474,0.9263798186666667,-0.0120000000000004,8.718,52.150000000000006,0.04,-0.0240000000000009,20.184999,20.199999,80.18,0.0,0.0,Centralized_AC,67.2720735825,0,MEDIUM
2011,3876.933108,21.31009483,1.478,1215.124808,63.62335143,109.5987722,46.22106033,0.9228823416666666,-0.0120000000000004,8.716,52.125,0.04,-0.0240000000000009,20.184999,20.199999,80.18,0.0,0.0,Normal_AC,67.59366601449999,0,MEDIUM
2004,4487.003073,21.95060322,1.788,1217.416925,63.51734169,112.2950118,46.12661553,0.9892572550000001,-0.0139999999999993,8.718,52.2,0.04,-0.0219999999999984,20.184999,20.199999,80.18,0.0,0.0,Cassette_AC,70.8630718535,1,HIGH
1988,5084.059965,25.96224763,2.102,1211.278282,63.93713263,114.6933562,46.17337736,0.9829870706666667,-0.0139999999999993,8.716,52.2,0.04,-0.0219999999999984,20.184999,20.199999,80.18,0.0,0.0,Centralized_AC,71.9655210645,1,HIGH
2004,5209.747979,28.92947089,2.15,1221.210827,63.62202465,114.3197582,46.17334361,1.0242321316666667,-0.0139999999999993,8.714,52.25,0.04,-0.0219999999999984,20.205,20.27,80.849998,0.0,0.0,Normal_AC,73.15820719749999,1,HIGH
2002,5589.681424,27.62666959,2.342,1218.358055,64.88239311,112.5550342,46.15747057,1.04641156,-0.0139999999999993,8.712,52.22500000000001,0.0375000000000005,-0.0219999999999984,20.219999,20.27,80.849998,0.0,0.0,Normal_AC,73.9549643165,1,HIGH
1991,6201.708356,32.31465859,2.66,1210.116676,63.15760225,113.4298388,46.25837926,1.100231269,-0.0139999999999993,8.712,52.22500000000001,0.04,-0.0240000000000009,20.219999,20.27,80.849998,0.0,0.0,Normal_AC,76.1660381075,1,HIGH
2017,6588.095238,33.7843068,2.817,1220.537357,63.30190888,117.560644,46.16051495,1.1359841166666669,-0.0139999999999993,8.71,52.125,0.04,-0.0240000000000009,20.24,20.275,81.68,0.0,0.0,Cassette_AC,78.60697083200002,1,HIGH
1998,7090.609607,35.87590078,3.097,1214.484438,64.82518936,118.6612085,46.2137694,1.164476312,-0.0139999999999993,8.712,52.25,0.04,-0.0240000000000009,20.25,20.285,81.68,0.0,0.0,Cassette_AC,80.52536988899999,1,HIGH
2006,7746.486352,40.98642285,3.411,1204.70113,64.67702606,120.4654995,46.20267229,1.243453518,-0.0139999999999993,8.71,52.22500000000001,0.04,-0.0240000000000009,20.27,20.305,82.619995,0.0,0.0,Centralized_AC,83.951534324,1,HIGH
2017,7962.535194,39.21199646,3.501,1216.117798,66.10116743,121.1429732,46.22857138,1.2766277036666667,-0.0139999999999993,8.71,52.22500000000001,0.0375000000000005,-0.0219999999999984,20.285,20.32,82.5,0.0,0.0,Cassette_AC,85.50924952449999,1,HIGH
1983,8173.673044,40.95984152,3.665,1210.90083,63.85181903,119.6452177,46.265935,1.3052153676666667,-0.0159999999999982,8.708,52.125,0.04,-0.0219999999999984,20.344999,20.334999,81.860001,0.0,0.0,Centralized_AC,85.98353830949999,1,HIGH
2008,8751.885907,45.28315145,3.91,1212.298537,64.18779374,123.5595118,46.28341026,1.3654247693333332,-0.0139999999999993,8.706,52.22500000000001,0.04,-0.0240000000000009,20.305,20.324999,81.919998,0.0,0.0,Centralized_AC,89.30879009099998,1,HIGH
1984,9116.139384,47.4981812,4.139,1209.759849,65.06971387,122.8786515,46.25611262,1.4441150403333334,-0.0139999999999993,8.706,52.125,0.0424999999999995,-0.0240000000000009,20.275,20.299999,81.889999,0.0,0.0,Centralized_AC,92.0900711655,1,HIGH
2013,9521.008784,46.81218857,4.279,1202.273451,66.71780276,125.5536181,46.23826999,1.4717872316666665,-0.0120000000000004,8.704,52.150000000000006,0.04,-0.0219999999999984,20.26,20.285,81.580002,0.0,0.0,Centralized_AC,94.11569188899998,1,HIGH
1991,10047.0232,52.90297519,4.592,1203.519037,67.31065447,123.696251,46.29829142,1.5563500836666666,-0.0139999999999993,8.706,52.025000000000006,0.0375000000000005,-0.0240000000000009,20.24,20.27,81.299995,0.0,0.0,Cassette_AC,96.9026634305,1,HIGH
2003,10768.6711,54.43077527,4.925,1198.224656,63.31100126,125.4920318,46.28376749,1.6977034556666666,-0.0139999999999993,8.704,52.125,0.0375000000000005,-0.0240000000000009,20.24,20.279999,81.299995,0.0,0.0,Normal_AC,101.65826180899998,1,HIGH
2014,11491.81362,57.74912482,5.257,1207.121055,65.54454861,130.6538411,46.37649761,1.783345882,-0.0139999999999993,8.702,52.025000000000006,0.04,-0.0240000000000009,20.23,20.275,81.18,0.0,0.0,Normal_AC,106.5175190265,1,HIGH
2003,11630.17075,57.27497024,5.354,1198.481988,67.64955799,131.3710975,46.35509604,1.810587566,-0.0120000000000004,8.702,52.125,0.04,-0.0240000000000009,20.184999,20.27,81.019997,0.0,0.0,Centralized_AC,108.0238350535,1,HIGH
1996,12214.05381,62.92372392,5.667,1201.815591,63.1041507,130.4493765,46.38721792,1.9251521556666666,-0.0139999999999993,8.702,52.125,0.04,-0.0240000000000009,20.17,20.27,80.389999,0.0,0.0,Normal_AC,111.17453139999999,1,HIGH
2019,12797.65091,63.56640212,5.892,1201.181182,67.32218684,130.4957465,46.34762604,2.0229254696666668,-0.0120000000000004,8.7,52.05,0.04,-0.0219999999999984,20.16,20.27,80.18,0.0,0.0,Cassette_AC,115.202028741,1,HIGH
1994,13251.36751,67.43564633,6.191,1204.604083,68.36036938,133.9622214,46.41994717,2.121455517,-0.0139999999999993,8.7,52.125,0.04,-0.0240000000000009,20.15,20.254999,79.989998,0.0,0.0,Normal_AC,119.778276267,1,HIGH
2010,13623.34083,67.88449687,6.327,1207.504172,67.89221911,132.2996254,46.41440981,2.171734196,-0.0139999999999993,8.698,52.125,0.04,-0.0240000000000009,20.129999,20.254999,79.790001,0.0,0.0,Normal_AC,121.07276509649998,1,HIGH
1986,13810.05603,71.12940311,6.498,1202.836774,63.6481219,133.8444051,46.36100434,2.2463695710000002,-0.0139999999999993,8.696,52.150000000000006,0.04,-0.0240000000000009,20.129999,20.27,79.739998,0.0,0.0,Cassette_AC,123.40340668999998,1,HIGH
1983,14276.3668,71.18631788,6.743,1192.847982,67.89216313,137.8475152,46.36501052,2.358444097,-0.0139999999999993,8.696,52.1,0.04,-0.0219999999999984,20.16,20.27,79.479996,0.0,0.0,Centralized_AC,128.89302617950003,1,HIGH
1987,14677.23245,72.26561569,6.931,1190.84204,66.8835264,137.324933,46.41205986,2.480550412,-0.0139999999999993,8.694,52.150000000000006,0.04,-0.0240000000000009,20.129999,20.275,79.629997,0.0,0.0,Normal_AC,132.65027457,1,HIGH
1980,14716.50798,74.91163148,6.977,1198.391177,66.23160017,136.7538862,46.44708558,2.4941593313333335,-0.0139999999999993,8.694,52.2,0.04,-0.0240000000000009,20.1,20.275,79.629997,0.0,0.0,Cassette_AC,132.9099915155,1,HIGH
1980,15307.57427,75.91230021,7.274,1193.10839,65.92751838,140.2621044,46.47688858,2.6130393206666667,-0.0139999999999993,8.694,52.1,0.04,-0.0240000000000009,20.109999,20.285,79.589996,0.0,0.0,Centralized_AC,137.90183347700003,1,HIGH
1986,15492.35491,78.85983027,7.347,1188.07575,66.61051453,138.4630925,46.38906988,2.664475525,-0.0120000000000004,8.694,52.125,0.04,-0.0240000000000009,20.125,20.299999,79.470001,0.0,0.0,Centralized_AC,139.2436160545,1,HIGH
2019,16361.26132,77.41994259,7.657,1196.325512,65.49486382,139.1920432,46.51379897,2.8107087666666666,-0.0120000000000004,8.69,52.22500000000001,0.04,-0.0240000000000009,20.129999,20.309999,79.339996,0.0,0.0,Cassette_AC,144.265503373,1,HIGH
1987,16728.96946,80.86643786,7.966,1196.48394,64.6711764,140.256926,46.47137105,2.9775322076666666,-0.0139999999999993,8.69,52.125,0.04,-0.0219999999999984,20.15,20.32,79.159996,0.0,0.0,Centralized_AC,150.03087419,1,HIGH
2011,17316.35781,85.28890705,8.161,1194.390273,65.07096913,142.2938797,46.47511319,3.0942017039999996,-0.0139999999999993,8.69,52.075,0.0424999999999995,-0.0219999999999984,20.15,20.334999,79.009995,0.0,0.0,Normal_AC,154.49066641449997,1,HIGH
2009,17737.15933,89.27708066,8.381,1193.73992,63.46189756,144.8217262,46.47109621,3.1931917039999997,-0.0139999999999993,8.688,52.125,0.04,-0.0219999999999984,20.16,20.35,78.900002,0.0,0.0,Normal_AC,158.290467304,1,HIGH
2003,17696.18947,88.09231705,8.385,1186.621522,71.08561059,142.6495013,46.49723201,3.219297962,-0.0139999999999993,8.688,52.125,0.04,-0.0240000000000009,20.16,20.35,78.839996,0.0,0.0,Normal_AC,159.68215577350003,1,HIGH
2016,18114.80677,87.13258652,8.537,1195.5209,69.80462936,146.5277535,46.44520709,3.3171407496666667,-0.0139999999999993,8.686,52.125,0.04,-0.0240000000000009,20.17,20.35,78.769997,0.0,0.0,Normal_AC,163.69885526900003,1,HIGH
1988,18127.86609,89.86722224,8.664,1191.617992,64.14656956,147.4349865,46.49890659,3.370423988666667,-0.0139999999999993,8.684,52.125,0.04,-0.0240000000000009,20.184999,20.359999,78.610001,0.0,0.0,Centralized_AC,164.92945171900004,1,HIGH
1993,2895.251544,17.16676069,1.0,1224.143309,55.90225404,117.9411633,46.2511138,0.9028702036666667,-0.0139999999999993,8.684,52.05,0.04,-0.0219999999999984,20.184999,20.359999,78.459999,0.0,0.0,Normal_AC,66.964735041,0,MEDIUM
1984,3018.798514,18.20391217,1.067,1221.939062,54.91640906,121.7771785,46.26417783,0.9082762610000001,-0.0139999999999993,8.684,52.025000000000006,0.0424999999999995,-0.0240000000000009,20.189999,20.369999,78.409996,0.0,0.0,Centralized_AC,68.072543814,0,MEDIUM
1991,3206.612788,18.48216982,1.155,1222.450837,55.86233022,119.3695747,46.27371186,0.9106977963333334,-0.0139999999999993,8.684,52.0,0.04,-0.0240000000000009,20.195,20.369999,78.279999,0.0,0.0,Cassette_AC,67.860677098,0,MEDIUM
1983,3708.02735,21.62248603,1.416,1226.747468,54.86734649,121.8700876,46.21903147,0.9292385723333334,-0.0120000000000004,8.684,52.025000000000006,0.04,-0.0240000000000009,20.189999,20.379999,78.220001,0.0,0.0,Centralized_AC,69.4147810435,0,MEDIUM
1987,3976.466205,23.05149108,1.545,1219.114956,56.06117347,123.681399,46.29626414,0.9158529333333334,-0.0139999999999993,8.68,52.0,0.04,-0.0240000000000009,20.189999,20.379999,78.25,0.0,0.0,Cassette_AC,69.9031137705,0,MEDIUM
1991,4533.216162,22.33378637,1.824,1217.934244,55.79704804,122.1989883,46.28070883,0.9958809956666667,-0.0139999999999993,8.68,52.05,0.04,-0.0240000000000009,20.199999,20.379999,78.059998,0.0,0.0,Cassette_AC,72.45173415099998,1,HIGH
2017,4594.161308,25.60120096,1.829,1212.756731,55.30502843,124.8272948,46.31019064,0.9916902430000002,-0.0120000000000004,8.68,52.1,0.04,-0.0240000000000009,20.189999,20.379999,77.809998,0.0,0.0,Cassette_AC,72.91928525450001,1,HIGH
1993,4882.527093,27.71431502,1.995,1220.330657,55.90893902,125.6063121,46.3271043,0.987256386,-0.0139999999999993,8.678,52.05,0.04,-0.0219999999999984,20.184999,20.379999,77.759995,0.0,0.0,Normal_AC,73.40361045799999,1,HIGH
1983,5412.291652,26.761067,2.274,1218.206049,55.83731616,126.1869034,46.28715445,1.0091811923333334,-0.0139999999999993,8.678,52.0,0.04,-0.0219999999999984,20.189999,20.379999,77.900002,0.0,0.0,Normal_AC,74.753759044,1,HIGH
2016,5828.334973,28.39819961,2.444,1211.517555,57.47358673,129.264048,46.32086997,1.0679982736666667,-0.0139999999999993,8.676,52.125,0.04,-0.0219999999999984,20.189999,20.369999,77.959999,0.0,0.0,Normal_AC,77.8729982195,1,HIGH
1981,6046.679223,31.51889809,2.595,1217.632182,55.38704877,128.7030297,46.3093467,1.0826826773333333,-0.0139999999999993,8.676,52.025000000000006,0.04,-0.0240000000000009,20.189999,20.369999,77.68,0.0,0.0,Cassette_AC,78.16229506049999,1,HIGH
1995,6132.167597,29.68906448,2.621,1213.920841,56.99375476,126.8547481,46.36941566,1.0969362759999999,-0.0139999999999993,8.674,52.025000000000006,0.04,-0.0240000000000009,20.189999,20.369999,77.57,0.0,0.0,Normal_AC,78.420838519,1,HIGH
2020,6816.15118,32.41481009,2.926,1209.386609,57.48296434,131.7357479,46.29790879,1.1345234213333333,-0.0139999999999993,8.674,52.025000000000006,0.04,-0.0240000000000009,20.189999,20.369999,77.379997,0.0,0.0,Normal_AC,81.452084266,1,HIGH
2007,7107.824322,35.51058419,3.092,1207.665918,57.26595343,131.2972549,46.38124673,1.1981630263333334,-0.0139999999999993,8.674,52.05,0.04,-0.0240000000000009,20.189999,20.369999,77.299995,0.0,0.0,Normal_AC,83.55109752950001,1,HIGH
1982,7180.978101,38.99095575,3.169,1208.717177,56.91090036,129.3936042,46.35140046,1.2138679713333334,-0.0139999999999993,8.672,52.0,0.0375000000000005,-0.0240000000000009,20.184999,20.369999,77.220001,0.0,0.0,Cassette_AC,83.64657524399999,1,HIGH
1985,7436.134449,40.2957114,3.29,1212.426666,55.07847679,132.6707563,46.37022984,1.2468201390000002,-0.0139999999999993,8.67,52.025000000000006,0.04,-0.0240000000000009,20.184999,20.369999,77.139999,0.0,0.0,Cassette_AC,85.42206476349999,1,HIGH
1991,8098.222709,38.84853303,3.614,1204.147857,55.4389299,135.5019113,46.43744639,1.2952040423333333,-0.0139999999999993,8.67,52.025000000000006,0.04,-0.0240000000000009,20.184999,20.369999,77.049995,0.0,0.0,Centralized_AC,88.28343858,1,HIGH
2005,8564.185412,41.74797462,3.82,1203.881766,58.78266506,135.9303322,46.35918691,1.3667139323333333,-0.0139999999999993,8.668,52.0,0.0424999999999995,-0.0240000000000009,20.18,20.369999,77.0,0.0,0.0,Centralized_AC,91.44990077899999,1,HIGH
2005,8605.663601,45.15307887,3.843,1201.392978,58.86857292,135.4737184,46.40347968,1.361966091,-0.0139999999999993,8.668,52.125,0.04,-0.0240000000000009,20.184999,20.369999,76.939995,0.0,0.0,Centralized_AC,91.251698268,1,HIGH
1981,8807.578555,44.98364449,3.991,1196.420113,54.84790743,133.1981415,46.40524362,1.409534269,-0.0139999999999993,8.668,52.025000000000006,0.04,-0.0219999999999984,20.184999,20.369999,76.869995,0.0,0.0,Cassette_AC,91.80274955949999,1,HIGH
1996,8977.611642,46.97376938,4.047,1201.245412,56.82061625,133.6522149,46.42970621,1.3963314893333332,-0.0120000000000004,8.666,52.1,0.04,-0.0240000000000009,20.189999,20.369999,76.809998,0.0,0.0,Centralized_AC,91.92809084249997,1,HIGH
2013,9708.898542,48.42239355,4.373,1198.602724,59.47554583,139.9178896,46.40336373,1.4813434773333334,-0.0120000000000004,8.666,52.075,0.0375000000000005,-0.0240000000000009,20.18,20.369999,76.779999,0.0,0.0,Centralized_AC,97.09460859449999,1,HIGH
1993,9691.228605,48.13325175,4.408,1195.282468,58.48032116,137.1989699,46.46572326,1.4818165893333333,-0.0120000000000004,8.664,51.925,0.04,-0.0219999999999984,20.18,20.369999,76.75,0.0,0.0,Cassette_AC,96.350288329,1,HIGH
1986,9749.008442,47.83074086,4.454,1201.86222,57.02123911,136.2384179,46.45892806,1.5081820016666667,-0.0139999999999993,8.664,52.0,0.04,-0.0240000000000009,20.184999,20.369999,76.729996,0.0,0.0,Cassette_AC,96.7742503915,1,HIGH
2015,10235.96545,50.76099671,4.632,1193.098892,58.06345954,140.4749953,46.38146373,1.570365098,-0.0139999999999993,8.662,51.925,0.04,-0.0219999999999984,20.18,20.369999,76.68,0.0,0.0,Cassette_AC,100.21122069599998,1,HIGH
1990,10174.28889,51.1801277,4.657,1190.421207,59.13636987,140.8269595,46.48957412,1.5996884326666667,-0.0139999999999993,8.662,51.925,0.04,-0.0240000000000009,20.17,20.35,76.68,0.0,0.0,Centralized_AC,101.38984833549999,1,HIGH
2010,10277.54045,51.68774685,4.663,1202.316614,57.89867752,137.061803,46.47712125,1.592419069,-0.0139999999999993,8.662,51.925,0.04,-0.0240000000000009,20.145,20.334999,76.709999,0.0,0.0,Normal_AC,100.056824448,1,HIGH
2007,10421.94764,54.18408639,4.741,1191.913289,59.06662196,139.3120464,46.4444886,1.6333241153333333,-0.0139999999999993,8.66,51.95,0.04,-0.0219999999999984,20.125,20.309999,76.5,0.0,0.0,Cassette_AC,102.177728354,1,HIGH
1998,10903.90142,53.50261701,5.006,1191.27243,58.07912725,139.095446,46.42405193,1.7131737243333334,-0.0139999999999993,8.658,52.025000000000006,0.04,-0.0219999999999984,20.109999,20.285,76.43,0.0,0.0,Normal_AC,104.90094231750001,1,HIGH
1996,11205.81168,54.77824866,5.162,1196.916198,58.1754384,139.5390996,46.42121367,1.7295172113333335,-0.0139999999999993,8.656,52.025000000000006,0.0375000000000005,-0.0240000000000009,20.115,20.285,76.360001,0.0,0.0,Normal_AC,105.82810699999999,1,HIGH
2007,11471.1211,56.55109996,5.264,1184.071773,60.06623227,143.8547696,46.48811486,1.7698878960000002,-0.0120000000000004,8.656,52.025000000000006,0.04,-0.0240000000000009,20.115,20.279999,76.339996,0.0,0.0,Cassette_AC,108.6062641205,1,HIGH
1994,11875.2874,61.43103939,5.504,1188.977032,59.6083799,143.557044,46.5146238,1.872462416,-0.0120000000000004,8.656,52.125,0.04,-0.0240000000000009,20.109999,20.264999,76.369995,0.0,0.0,Normal_AC,112.02039046499999,1,HIGH
2000,12122.02264,60.47905721,5.609,1194.346177,56.75268216,144.6557323,46.45077052,1.9212212176666668,-0.0120000000000004,8.656,52.0,0.04,-0.0240000000000009,20.129999,20.26,76.32,0.0,0.0,Centralized_AC,113.539471929,1,HIGH
2019,12535.24435,60.14319597,5.76,1189.061711,60.01373424,143.2360106,46.54016431,1.9434070503333334,-0.0139999999999993,8.654,52.1,0.04,-0.0240000000000009,20.094999,20.27,76.369995,0.0,0.0,Centralized_AC,114.64127429599999,1,HIGH
1995,12927.76076,65.49448187,6.027,1191.302029,57.60698448,143.3560129,46.50998252,2.054060595666667,-0.0139999999999993,8.654,52.025000000000006,0.04,-0.0240000000000009,19.959999,20.154999,77.099998,0.0,0.0,Normal_AC,118.163868767,1,HIGH
1982,13431.82595,66.62481251,6.323,1179.158282,61.04962787,148.1450066,46.52676803,2.190896891,-0.0139999999999993,8.652,52.1,0.04,-0.0219999999999984,19.834999,20.064999,78.82,0.0,0.0,Centralized_AC,124.5746025605,1,HIGH
1996,13581.76184,66.5580219,6.353,1187.770252,59.98345041,146.3092545,46.58850631,2.223767361,-0.0139999999999993,8.65,52.025000000000006,0.04,-0.0219999999999984,19.74,20.029999,79.849998,0.0,0.0,Centralized_AC,125.00185201650001,1,HIGH
1991,14142.25421,72.37385307,6.65,1188.26503,58.4240396,150.3548761,46.52227006,2.334145787,-0.0139999999999993,8.65,52.0,0.04,-0.0219999999999984,19.709999,20.029999,80.43,0.0,0.0,Cassette_AC,129.68469857500003,1,HIGH
1993,14272.11439,70.04653367,6.707,1181.217775,56.65755246,150.0167482,46.56646916,2.363305708,-0.0120000000000004,8.648,52.0,0.0375000000000005,-0.0240000000000009,19.709999,20.029999,80.970001,0.0,0.0,Centralized_AC,130.32349115899999,1,HIGH
2000,14758.90752,73.22576781,6.928,1174.385003,60.83987954,148.8654498,46.55830537,2.444363276666667,-0.0159999999999982,8.648,51.95,0.04,-0.0240000000000009,19.73,20.004999,81.330002,0.0,0.0,Cassette_AC,133.53724268100004,1,HIGH
1991,2892.280136,16.39128336,1.0,1078.491495,55.83169312,127.4943442,46.33398024,0.8737614026666667,-0.0120000000000004,8.648,52.0,0.04,-0.0240000000000009,19.74,19.994999,81.739998,0.0,0.0,Cassette_AC,68.46918209799999,0,MEDIUM
2000,3108.671986,15.10702371,1.104,1064.81653,55.40258092,130.1321219,46.33480864,0.888528064,-0.0139999999999993,8.646,52.0,0.04,-0.0240000000000009,19.82,20.035,81.919998,0.0,0.0,Normal_AC,69.715259533,0,MEDIUM
2002,3507.102373,16.9370002,1.301,1070.855461,55.40940198,128.407794,46.3849991,0.9377906063333334,-0.0139999999999993,8.644,52.0,0.04,-0.0219999999999984,19.859999,20.064999,82.059998,0.0,0.0,Centralized_AC,71.157076987,1,HIGH
2017,3546.480172,18.7308479,1.31,1067.502954,55.19690045,128.3860197,46.32448861,0.9014492449999999,-0.0120000000000004,8.644,52.0,0.04,-0.0240000000000009,19.879999,20.1,82.309998,0.0,0.0,Cassette_AC,70.04751734249999,1,HIGH
1989,3545.886916,17.4323755,1.328,1067.717291,54.90839696,130.293167,46.32128439,0.9079882713333333,-0.0139999999999993,8.644,51.925,0.04,-0.0219999999999984,19.895,20.074999,82.529999,0.0,0.0,Normal_AC,70.71319943399999,1,HIGH
1994,3887.35049,21.94797396,1.496,1059.402083,55.27717692,132.3525026,46.37267006,0.9312038563333335,-0.0139999999999993,8.644,52.05,0.0375000000000005,-0.0240000000000009,19.85,20.064999,82.43,0.0,0.0,Cassette_AC,72.315317878,1,HIGH
2012,4419.733696,24.26672768,1.748,1058.6309,55.4077512,131.8441464,46.39796242,0.9611557286666667,-0.0139999999999993,8.64,52.025000000000006,0.04,-0.0240000000000009,19.824999,20.055,81.529999,0.0,0.0,Normal_AC,73.61087113999999,1,HIGH
1981,4705.49235,23.51218529,1.918,1063.96302,56.1380473,132.7250982,46.4047486,0.9569770556666667,-0.0139999999999993,8.642,52.025000000000006,0.04,-0.0240000000000009,19.959999,20.074999,81.610001,0.0,0.0,Normal_AC,74.155293315,1,HIGH
1994,5378.460678,29.10826393,2.243,1055.731573,56.48353986,133.8243854,46.42593505,1.0025753743333332,-0.0139999999999993,8.64,51.925,0.04,-0.0240000000000009,20.02,20.15,81.199997,0.0,0.0,Cassette_AC,76.499888559,1,HIGH
2005,6043.722581,32.37297667,2.563,1050.302617,56.19677376,134.3425925,46.43636824,1.0659541883333332,-0.0139999999999993,8.638,51.925,0.0375000000000005,-0.0240000000000009,20.145,20.18,81.040001,0.0,0.0,Cassette_AC,79.127289839,1,HIGH
2018,6173.158566,33.49219707,2.612,1053.935972,56.67163849,136.7236197,46.46217984,1.1045912923333334,-0.0139999999999993,8.64,51.975,0.0375000000000005,-0.0240000000000009,20.184999,20.215,81.040001,0.0,0.0,Centralized_AC,81.0508894685,1,HIGH
1988,6588.440601,32.42493505,2.86,1057.212326,56.43852911,137.1628086,46.39970677,1.1161044626666667,-0.0120000000000004,8.638,52.025000000000006,0.0375000000000005,-0.0240000000000009,20.205,20.254999,81.159996,0.0,0.0,Centralized_AC,81.9671153965,1,HIGH
1986,6974.273993,38.08632908,3.055,1051.151371,57.47887285,137.1192292,46.42155654,1.1526795200000002,-0.0139999999999993,8.638,51.975,0.04,-0.0240000000000009,20.23,20.275,81.009995,0.0,0.0,Centralized_AC,83.60002382750001,1,HIGH
2013,7361.645659,39.47470266,3.207,1041.067818,57.10691763,140.7593545,46.4496884,1.2321886039999999,-0.0120000000000004,8.636,51.925,0.04,-0.0240000000000009,20.24,20.299999,80.830002,0.0,0.0,Centralized_AC,87.14353438949999,1,HIGH
1997,7604.780551,37.22949856,3.355,1049.888999,57.59420487,139.2581421,46.40256344,1.2497371659999998,-0.0139999999999993,8.636,52.025000000000006,0.04,-0.0240000000000009,20.15,20.299999,81.07,0.0,0.0,Normal_AC,87.66378123549998,1,HIGH
1982,7555.151436,39.03740848,3.357,1045.206461,55.79235937,142.215195,46.4927307,1.240334051,-0.0139999999999993,8.634,51.925,0.04,-0.0219999999999984,20.0,20.275,81.509995,0.0,0.0,Centralized_AC,87.8546741855,1,HIGH
2015,7689.738736,36.67719105,3.368,1036.949239,57.76244628,139.1307507,46.42076588,1.258390363,-0.0120000000000004,8.634,52.025000000000006,0.04,-0.0240000000000009,19.969999,20.25,82.199997,0.0,0.0,Normal_AC,87.942765507,1,HIGH
1992,7675.538303,40.2972576,3.4,1039.84176,56.31563709,139.0167067,46.48059525,1.2564232973333336,-0.0139999999999993,8.632,51.975,0.04,-0.0240000000000009,19.959999,20.23,82.869995,0.0,0.0,Centralized_AC,87.7022211585,1,HIGH
2018,8407.670566,42.70085822,3.717,1042.850144,58.25515722,141.3087997,46.5106512,1.3270258023333332,-0.0139999999999993,8.63,51.89999999999999,0.04,-0.0219999999999984,19.959999,20.27,83.259995,0.0,0.0,Cassette_AC,91.31824757799998,1,HIGH
1999,8628.72925,41.87925054,3.864,1040.079407,58.47657487,143.6068364,46.50798644,1.341337067666667,-0.0139999999999993,8.63,51.89999999999999,0.04,-0.0240000000000009,19.969999,20.299999,83.18,0.0,0.0,Normal_AC,92.6493073605,1,HIGH
2009,9134.229987,47.56477476,4.095,1028.452536,55.1636645,146.3599431,46.51477177,1.4301828723333332,-0.0139999999999993,8.63,51.925,0.04,-0.0240000000000009,19.984999,20.305,82.43,0.0,0.0,Cassette_AC,95.96802161999999,1,HIGH
2017,9514.658263,46.30490828,4.269,1028.30678,58.22013146,143.7537395,46.51004461,1.459971964,-0.0139999999999993,8.628,51.925,0.04,-0.0240000000000009,20.039999,20.344999,82.169998,0.0,0.0,Cassette_AC,97.01661351399999,1,HIGH
1983,9529.632872,49.59686049,4.349,1029.841511,56.01133736,144.0776173,46.50270254,1.5133869843333334,-0.0120000000000004,8.628,51.82500000000002,0.04,-0.0240000000000009,20.105,20.369999,82.099998,0.0,0.0,Normal_AC,98.52871445899999,1,HIGH
2008,10014.61628,48.34224814,4.537,1024.729843,58.53758245,145.7871733,46.526301,1.5316026816666666,-0.0139999999999993,8.626,51.925,0.0375000000000005,-0.0240000000000009,20.129999,20.41,82.169998,0.0,0.0,Normal_AC,100.2570111425,1,HIGH
1994,9978.194148,48.47383679,4.55,1031.505919,55.20127136,146.8871507,46.52174926,1.5615284296666667,-0.0139999999999993,8.626,51.925,0.04,-0.0240000000000009,20.17,20.414999,82.360001,0.0,0.0,Normal_AC,100.955831269,1,HIGH
2002,10063.76042,51.38851913,4.575,1024.700337,58.31142657,148.2946528,46.4596024,1.540919765,-0.0139999999999993,8.626,51.82500000000002,0.04,-0.0240000000000009,20.189999,20.434999,82.400002,0.0,0.0,Centralized_AC,101.2059701355,1,HIGH
1998,10504.13054,50.98480802,4.804,1019.284361,56.75218691,149.2692835,46.55588397,1.6132190326666667,-0.0139999999999993,8.624,51.89999999999999,0.0375000000000005,-0.0240000000000009,20.18,20.434999,82.459999,0.0,0.0,Cassette_AC,103.8422198915,1,HIGH
1991,10626.48814,53.03670875,4.882,1016.68404,55.28114567,146.2499774,46.5627687,1.6701700100000003,-0.0139999999999993,8.624,51.89999999999999,0.04,-0.0240000000000009,20.195,20.43,82.459999,0.0,0.0,Cassette_AC,104.7317665005,1,HIGH
1983,11239.64463,57.67356539,5.213,1013.811766,56.56736497,151.3172679,46.52064118,1.7366189013333333,-0.0139999999999993,8.622,51.875,0.04,-0.0240000000000009,20.26,20.439999,82.360001,0.0,0.0,Cassette_AC,108.84698876049998,1,HIGH
2009,11695.87669,56.53682017,5.373,1007.398963,57.9925416,151.2678785,46.50738185,1.8062793046666668,-0.0139999999999993,8.62,51.925,0.0375000000000005,-0.0240000000000009,20.404999,20.5,81.970001,0.0,0.0,Normal_AC,111.457730005,1,HIGH
2020,11798.07534,57.75856771,5.394,1005.681017,55.9102154,148.3844646,46.51343315,1.817001917,-0.0139999999999993,8.62,51.925,0.04,-0.0219999999999984,20.494999,20.559999,81.739998,0.0,0.0,Cassette_AC,110.78870596999998,1,HIGH
1994,12302.29506,63.87589516,5.716,1007.960206,59.3095373,151.0205962,46.56581146,1.9545511893333334,-0.0139999999999993,8.618,51.82500000000002,0.04,-0.0219999999999984,20.559999,20.59,81.540001,0.0,0.0,Normal_AC,116.728115325,1,HIGH
1984,12432.00493,64.36767923,5.811,1001.733423,57.53076258,151.4187208,46.56788054,1.9951164223333333,-0.0139999999999993,8.618,51.925,0.04,-0.0240000000000009,20.594999,20.619999,81.43,0.0,0.0,Normal_AC,117.967787257,1,HIGH
2007,12688.2059,61.4372269,5.872,1006.988628,57.09609653,150.9862923,46.58233269,2.0349532563333335,-0.0139999999999993,8.618,51.925,0.04,-0.0240000000000009,20.584999,20.639999,81.369995,0.0,0.0,Cassette_AC,119.11158524449999,1,HIGH
2014,13350.08739,64.59616926,6.182,1008.113737,60.83476665,154.7348218,46.55957762,2.124809113,-0.0139999999999993,8.616,51.925,0.04,-0.0240000000000009,20.559999,20.639999,81.32,0.0,0.0,Centralized_AC,123.92519383749999,1,HIGH
1989,13558.79202,67.2929642,6.361,1001.992786,55.10417274,157.3381913,46.58404148,2.232165272,-0.0139999999999993,8.616,51.82500000000002,0.04,-0.0219999999999984,20.555,20.639999,81.299995,0.0,0.0,Normal_AC,127.29513189599999,1,HIGH
2010,14144.27426,69.58198512,6.587,1000.734182,58.80051218,154.6103421,46.61432182,2.311980063,-0.0139999999999993,8.616,51.925,0.04,-0.0240000000000009,20.535,20.639999,81.229996,0.0,0.0,Centralized_AC,130.01406424200002,1,HIGH
2007,14772.04799,72.94866116,6.909,995.4224401,55.59427044,157.6930164,46.63474065,2.4504520333333333,-0.0139999999999993,8.614,51.89999999999999,0.0424999999999995,-0.0240000000000009,20.535,20.639999,81.119995,0.0,0.0,Centralized_AC,135.102455666,1,HIGH
2010,15389.50164,77.22017408,7.207,992.4216969,59.11287148,158.4289844,46.71196697,2.6188934306666667,-0.0139999999999993,8.614,51.925,0.04,-0.0219999999999984,20.535,20.639999,80.900002,0.0,0.0,Centralized_AC,141.46297974200002,1,HIGH
2013,15436.16882,77.99022431,7.219,1000.057001,56.090747,161.6133158,46.64137409,2.62665542,-0.0139999999999993,8.612,51.77499999999999,0.04,-0.0240000000000009,20.535,20.639999,80.769997,0.0,0.0,Centralized_AC,142.06260360000002,1,HIGH
2004,2904.028316,15.21837673,1.0,393.0698282,55.78164555,109.4694568,46.08450156,0.874022156,-0.0139999999999993,8.612,51.82500000000002,0.0375000000000005,-0.0240000000000009,20.525,20.639999,80.619995,0.0,0.0,Normal_AC,63.9627757125,0,MEDIUM
1983,3091.806717,15.73257612,1.103,394.9281846,55.12405668,105.4230818,46.13254817,0.9241296709999999,-0.0139999999999993,8.61,51.82500000000002,0.04,-0.0240000000000009,20.525,20.639999,81.040001,0.0,0.0,Centralized_AC,64.56226908199999,0,MEDIUM
1994,3330.396632,18.51973097,1.216,390.4433872,55.43876044,108.565686,46.15896056,0.8966685596666667,-0.0120000000000004,8.612,51.82500000000002,0.04,-0.0219999999999984,20.484999,20.639999,81.169998,0.0,0.0,Cassette_AC,64.797292356,0,MEDIUM
1996,3339.895766,19.93396274,1.221,390.0618794,55.68524321,108.6804664,46.08932089,0.9294852023333333,-0.0139999999999993,8.61,51.8,0.04,-0.0240000000000009,20.455,20.639999,80.860001,0.0,0.0,Normal_AC,65.8574591515,0,MEDIUM
2012,3687.483238,18.02651522,1.385,382.6801903,56.04715145,108.8933603,46.14434366,0.9290600506666666,-0.0139999999999993,8.608,51.875,0.04,-0.0240000000000009,20.414999,20.629999,80.720001,0.0,0.0,Normal_AC,66.28021431250001,0,MEDIUM
2011,4204.443812,23.0068507,1.643,389.7661651,55.15010132,109.4374999,46.1383297,0.9530581720000001,-0.0139999999999993,8.608,51.89999999999999,0.0424999999999995,-0.0240000000000009,20.395,20.619999,80.650002,0.0,0.0,Centralized_AC,67.518135333,0,MEDIUM
2018,4404.980759,24.69104623,1.734,383.5538657,55.57739205,110.4323386,46.10937922,0.9479701633333333,-0.0139999999999993,8.606,51.8,0.04,-0.0219999999999984,20.385,20.619999,80.650002,0.0,0.0,Normal_AC,67.8597983575,0,MEDIUM
2020,4775.862851,23.40327601,1.916,389.3910602,56.85734016,110.2395258,46.15128061,0.9908009160000001,-0.0139999999999993,8.608,51.875,0.04,-0.0240000000000009,20.379999,20.619999,80.639999,0.0,0.0,Cassette_AC,69.652509954,0,MEDIUM
1988,5105.907937,26.72430554,2.116,393.3895021,55.50042291,112.1721766,46.2202703,0.9997449230000001,-0.0139999999999993,8.604,51.85,0.04,-0.0240000000000009,20.395,20.619999,80.610001,0.0,0.0,Cassette_AC,70.6004552765,1,HIGH
2012,5598.349805,27.07193661,2.333,391.192787,55.9135055,116.218137,46.25059548,1.0537828196666668,-0.0139999999999993,8.604,51.925,0.04,-0.0240000000000009,20.389999,20.619999,80.580002,0.0,0.0,Normal_AC,73.72904466499999,1,HIGH
2002,5791.690517,32.59888389,2.443,388.0516832,55.58727762,113.6538781,46.15666034,1.0721082023333333,-0.0139999999999993,8.602,51.85,0.04,-0.0240000000000009,20.389999,20.619999,80.559998,0.0,0.0,Normal_AC,73.80880723799999,1,HIGH
2008,6153.361781,31.3378547,2.616,387.5907557,55.6969859,117.6678077,46.17568057,1.0824359043333331,-0.0139999999999993,8.602,51.8,0.04,-0.0240000000000009,20.404999,20.619999,80.489998,0.0,0.0,Cassette_AC,75.48457694,1,HIGH
1994,6197.339756,33.92258913,2.656,391.0724061,55.81476258,116.6844719,46.20466106,1.11023328,-0.0139999999999993,8.602,51.82500000000002,0.04,-0.0219999999999984,20.404999,20.619999,80.470001,0.0,0.0,Centralized_AC,76.170330762,1,HIGH
1991,6657.80239,35.20486039,2.889,389.8681583,56.51862388,119.1748057,46.24182963,1.13371377,-0.0139999999999993,8.6,51.69999999999999,0.04,-0.0240000000000009,20.404999,20.619999,80.389999,0.0,0.0,Centralized_AC,78.068908107,1,HIGH
2006,6839.944702,32.68149119,2.959,392.9334761,55.78146284,117.7224435,46.26518085,1.1418331466666667,-0.0120000000000004,8.598,51.82500000000002,0.04,-0.0219999999999984,20.414999,20.609999,80.189995,0.0,0.0,Cassette_AC,77.97882470100001,1,HIGH
1980,6962.21445,34.1573403,3.058,386.0039156,55.65504592,117.5820706,46.25603663,1.185345633,-0.0120000000000004,8.598,51.82500000000002,0.04,-0.0240000000000009,20.404999,20.619999,80.040001,0.0,0.0,Centralized_AC,79.42814352799999,1,HIGH
1981,7264.517809,39.1308944,3.212,382.2782403,57.56087782,119.8511818,46.22760295,1.2255871776666667,-0.0139999999999993,8.598,51.89999999999999,0.04,-0.0240000000000009,20.404999,20.619999,79.970001,0.0,0.0,Normal_AC,81.796542453,1,HIGH
2007,7396.576589,37.70499271,3.234,394.5203445,58.26626842,117.6506046,46.23842396,1.2217004156666667,-0.0139999999999993,8.596,51.82500000000002,0.04,-0.0240000000000009,20.414999,20.619999,80.029999,0.0,0.0,Centralized_AC,81.279603883,1,HIGH
1989,7756.466242,38.71526583,3.445,386.3392925,56.77669355,120.265579,46.27200155,1.258081471,-0.0139999999999993,8.596,51.82500000000002,0.0375000000000005,-0.0240000000000009,20.414999,20.619999,80.139999,0.0,0.0,Cassette_AC,83.22284291249998,1,HIGH
1986,7857.326482,42.75161198,3.501,389.1671533,56.20557495,118.5882101,46.26869796,1.266355361,-0.0139999999999993,8.594,51.8,0.04,-0.0219999999999984,20.414999,20.615,79.879997,0.0,0.0,Cassette_AC,83.07854959749999,1,HIGH
1992,8011.60117,42.10247844,3.567,389.3743974,57.64039357,117.9457158,46.2952441,1.313429007,-0.0139999999999993,8.592,51.8,0.04,-0.0219999999999984,20.404999,20.619999,79.799995,0.0,0.0,Cassette_AC,84.6773581955,1,HIGH
2008,8547.480178,43.48628664,3.807,387.7185942,55.40328523,122.9123597,46.29018874,1.3295147266666667,-0.0139999999999993,8.592,51.8,0.0424999999999995,-0.0219999999999984,20.404999,20.619999,79.739998,0.0,0.0,Centralized_AC,86.5465245095,1,HIGH
1988,8880.818947,46.17907565,4.012,383.4704139,55.03642391,124.0508789,46.23348179,1.3888812283333334,-0.0139999999999993,8.592,51.8,0.04,-0.0219999999999984,20.389999,20.619999,79.639999,0.0,0.0,Centralized_AC,88.9666201615,1,HIGH
2015,9572.64808,47.18453194,4.303,379.5538563,55.43694483,125.2583898,46.27941886,1.4840085893333332,-0.0139999999999993,8.592,51.725,0.04,-0.0219999999999984,20.395,20.609999,79.580002,0.0,0.0,Cassette_AC,92.76439685449998,1,HIGH
1997,10062.62035,52.49842775,4.588,386.1061373,56.99417699,123.7435919,46.32234658,1.5500199950000002,-0.0139999999999993,8.59,51.725,0.04,-0.0240000000000009,20.395,20.609999,79.559998,0.0,0.0,Centralized_AC,95.1696243735,1,HIGH
1991,10530.29122,52.00442033,4.835,380.8752687,56.79199029,124.1773044,46.30481701,1.6378940806666666,-0.0120000000000004,8.588,51.77499999999999,0.04,-0.0240000000000009,20.395,20.605,79.360001,0.0,0.0,Centralized_AC,98.37794706349999,1,HIGH
1984,10973.25492,53.74632698,5.074,381.1947255,58.16290551,127.4170874,46.30737145,1.730778691,-0.0120000000000004,8.588,51.75,0.04,-0.0219999999999984,20.389999,20.609999,79.239998,0.0,0.0,Cassette_AC,102.65806840649999,1,HIGH
2007,11326.46918,54.81769297,5.195,384.4759818,58.61345775,127.9499436,46.32930671,1.7762553110000001,-0.0139999999999993,8.586,51.82500000000002,0.04,-0.0240000000000009,20.389999,20.605,79.169998,0.0,0.0,Cassette_AC,104.4651638925,1,HIGH
1988,11482.21246,58.37385537,5.322,388.3373582,57.36092928,129.274978,46.30826252,1.8181417420000001,-0.0139999999999993,8.586,51.77499999999999,0.0424999999999995,-0.0219999999999984,20.389999,20.609999,79.099998,0.0,0.0,Normal_AC,106.119636152,1,HIGH
1996,11532.12514,55.89672364,5.325,382.146835,57.06921528,129.8117763,46.30526596,1.7969406796666665,-0.0139999999999993,8.586,51.725,0.04,-0.0240000000000009,20.389999,20.605,79.049995,0.0,0.0,Normal_AC,105.579546757,1,HIGH
1984,11818.4655,61.64943015,5.501,377.2814152,56.80979237,131.3596655,46.35470165,1.881177152,-0.0139999999999993,8.584,51.82500000000002,0.04,-0.0240000000000009,20.395,20.6,79.0,0.0,0.0,Centralized_AC,108.80669979049999,1,HIGH
2009,12294.25458,61.57095844,5.668,383.8595482,60.29402162,131.4380257,46.37293151,1.9323014776666667,-0.0120000000000004,8.584,51.82500000000002,0.04,-0.0240000000000009,20.389999,20.6,78.879997,0.0,0.0,Normal_AC,111.216653998,1,HIGH
1999,12534.00668,60.32242125,5.817,382.5289808,56.43993524,133.617335,46.3884339,1.9845484376666667,-0.0120000000000004,8.582,51.82500000000002,0.04,-0.0240000000000009,20.379999,20.6,78.830002,0.0,0.0,Centralized_AC,113.04877716599998,1,HIGH
2004,12673.31287,60.76697487,5.872,381.3567151,60.87378255,130.5812576,46.33372672,2.004799728,-0.0159999999999982,8.582,51.75,0.04,-0.0240000000000009,20.389999,20.6,78.799995,0.0,0.0,Cassette_AC,113.67237362249999,1,HIGH
2013,12980.97534,62.9086801,6.0,376.8220401,59.52021569,134.7314784,46.37377259,2.0711973993333337,-0.0139999999999993,8.58,51.82500000000002,0.04,-0.0219999999999984,20.389999,20.59,78.689995,0.0,0.0,Normal_AC,116.7548239335,1,HIGH
1984,13457.88274,68.82343264,6.327,380.8280639,58.55165048,133.8344962,46.42740356,2.199037231333333,-0.0139999999999993,8.58,51.75,0.04,-0.0240000000000009,20.395,20.6,78.639999,0.0,0.0,Centralized_AC,120.87448856199998,1,HIGH
2010,14281.46506,71.10803454,6.656,375.3169658,59.95849991,133.5013441,46.4442075,2.3462073443333336,-0.0139999999999993,8.58,51.75,0.04,-0.0240000000000009,20.379999,20.6,78.599998,0.0,0.0,Normal_AC,126.0753313415,1,HIGH
2014,14590.78395,71.44953871,6.796,379.7703718,56.63366397,136.8860318,46.48617378,2.390326523666667,-0.0120000000000004,8.578,51.82500000000002,0.04,-0.0240000000000009,20.389999,20.6,78.529999,0.0,0.0,Normal_AC,128.02635325550003,1,HIGH
2002,15140.39852,75.93887076,7.113,367.8367553,55.60714061,140.3789702,46.41239855,2.555197794,-0.0139999999999993,8.578,51.725,0.04,-0.0240000000000009,20.385,20.6,78.449997,0.0,0.0,Normal_AC,134.32574746150001,1,HIGH
1984,15228.55671,74.78866883,7.222,371.9879149,55.7938448,136.2929242,46.45281069,2.586992383,-0.0139999999999993,8.576,51.69999999999999,0.0424999999999995,-0.0219999999999984,20.385,20.59,78.369995,0.0,0.0,Normal_AC,134.50457925999999,1,HIGH
2484,3389.42417,13.41604951,1.0,1524.139635,60.51243618,116.9385481,46.15130203,0.8790095990000001,-0.0139999999999993,8.576,51.8,0.04,-0.0219999999999984,20.375,20.58,78.290001,0.0,0.0,Centralized_AC,66.689790422,0,MEDIUM
2517,4098.642073,19.37534022,1.269,1537.992113,61.34655818,119.5510403,46.23310741,0.892863946,-0.0139999999999993,8.576,51.8,0.04,-0.0240000000000009,20.355,20.57,78.259995,0.0,0.0,Cassette_AC,68.42166218199999,0,MEDIUM
2490,4380.310302,17.50634347,1.397,1534.380851,60.56215624,121.7295385,46.2554787,0.8928530473333334,-0.0139999999999993,8.574,51.75,0.0375000000000005,-0.0240000000000009,20.324999,20.559999,78.229996,0.0,0.0,Cassette_AC,69.103799481,0,MEDIUM
2483,5171.185569,23.80878356,1.718,1531.342788,59.91636273,118.9998222,46.24916826,0.9494798293333333,-0.0139999999999993,8.574,51.75,0.0424999999999995,-0.0219999999999984,20.295,20.52,78.309998,0.0,0.0,Normal_AC,70.6663048395,1,HIGH
2499,5627.181627,23.09896169,1.89,1520.167969,60.69094501,119.8157467,46.25827117,0.9635221056666666,-0.0139999999999993,8.572,51.69999999999999,0.04,-0.0240000000000009,20.285,20.5,78.330002,0.0,0.0,Centralized_AC,71.75124159650001,1,HIGH
2492,6434.50096,29.08509671,2.221,1524.638303,60.25491923,123.3454052,46.23974355,1.0292426423333334,-0.0120000000000004,8.572,51.82500000000002,0.04,-0.0240000000000009,20.27,20.484999,78.199997,0.0,0.0,Centralized_AC,75.2018684545,1,HIGH
2511,7057.523715,30.03292402,2.452,1526.924991,61.82445002,126.7340513,46.34098057,1.0331072133333332,-0.0139999999999993,8.57,51.725,0.04,-0.0240000000000009,20.285,20.48,78.110001,0.0,0.0,Normal_AC,76.862396728,1,HIGH
2481,7079.758658,29.69279072,2.488,1522.268725,61.42413754,123.0426441,46.25208968,1.0196916226666666,-0.0139999999999993,8.57,51.67500000000001,0.04,-0.0219999999999984,20.285,20.48,78.059998,0.0,0.0,Normal_AC,75.54903033599999,1,HIGH
2490,7399.445005,32.37749459,2.61,1522.483967,60.22411028,125.326015,46.31531863,1.0833369146666667,-0.0139999999999993,8.568,51.725,0.04,-0.0240000000000009,20.285,20.469999,78.009995,0.0,0.0,Cassette_AC,78.093227732,1,HIGH
2490,7545.9318,29.52242365,2.669,1518.597059,60.09952855,123.1946323,46.35860266,1.1035021756666665,-0.0139999999999993,8.566,51.67500000000001,0.04,-0.0219999999999984,20.26,20.439999,78.040001,0.0,0.0,Normal_AC,78.2646526275,1,HIGH
2520,8007.400613,34.53565452,2.818,1516.714521,60.66780586,125.4986445,46.35118642,1.1216209270000002,-0.0139999999999993,8.564,51.69999999999999,0.04,-0.0240000000000009,20.094999,20.379999,78.459999,0.0,0.0,Normal_AC,79.767459814,1,HIGH
2508,8733.287815,34.99506383,3.123,1518.666993,61.68818193,127.6410099,46.38311638,1.14738411,-0.0139999999999993,8.566,51.725,0.0375000000000005,-0.0219999999999984,19.994999,20.314999,78.839996,0.0,0.0,Centralized_AC,81.83850306449999,1,HIGH
2482,9243.728336,40.23794235,3.36,1515.341986,60.81455504,130.3826688,46.33397823,1.1914497253333334,-0.0139999999999993,8.564,51.69999999999999,0.04,-0.0240000000000009,19.969999,20.275,79.519997,0.0,0.0,Centralized_AC,84.18934221599999,1,HIGH
2519,10205.59242,40.17382931,3.693,1514.102397,60.78647194,132.1712786,46.36837624,1.2838740533333335,-0.0139999999999993,8.564,51.725,0.04,-0.0219999999999984,19.959999,20.25,80.059998,0.0,0.0,Centralized_AC,88.071012041,1,HIGH
2517,10538.80988,41.38766402,3.827,1506.881472,60.65483572,134.3726953,46.32245426,1.3156174823333333,-0.0139999999999993,8.564,51.69999999999999,0.04,-0.0219999999999984,19.93,20.25,79.809998,0.0,0.0,Centralized_AC,89.82192365299998,1,HIGH
2508,10638.45539,45.07168881,3.88,1506.11173,63.59573073,130.0759443,46.37909444,1.3653046199999999,-0.0139999999999993,8.562,51.725,0.04,-0.0219999999999984,19.93,20.23,80.059998,0.0,0.0,Centralized_AC,90.7854842845,1,HIGH
2515,10762.67513,41.47775656,3.921,1509.697674,62.22446946,131.8001104,46.36326779,1.3803429523333335,-0.0139999999999993,8.562,51.64999999999999,0.0424999999999995,-0.0219999999999984,19.93,20.205,80.860001,0.0,0.0,Normal_AC,91.544486589,1,HIGH
2512,11123.1873,43.65875705,4.068,1503.348533,62.18674664,132.3704127,46.41120553,1.3741234063333334,-0.0120000000000004,8.562,51.67500000000001,0.04,-0.0219999999999984,19.949999,20.205,81.419998,0.0,0.0,Centralized_AC,91.788317361,1,HIGH
2514,11295.52957,44.33231011,4.134,1505.258481,61.13958515,131.9107675,46.32708698,1.404231691,-0.0139999999999993,8.56,51.69999999999999,0.04,-0.0240000000000009,19.959999,20.23,82.089996,0.0,0.0,Cassette_AC,92.55158037749999,1,HIGH
2488,12016.75642,47.05639461,4.467,1511.591759,64.20790061,136.3764416,46.3862924,1.5193730806666668,-0.0120000000000004,8.56,51.725,0.04,-0.0240000000000009,19.959999,20.26,82.209999,0.0,0.0,Normal_AC,98.24848791149999,1,HIGH
2508,12240.26068,47.81403676,4.52,1494.015703,64.14642961,136.5212302,46.33303435,1.5371314166666668,-0.0139999999999993,8.558,51.625000000000014,0.04,-0.0219999999999984,19.969999,20.299999,82.009995,0.0,0.0,Centralized_AC,98.91421449149999,1,HIGH
2507,12798.00207,49.1751479,4.745,1496.31171,62.32996864,137.3935368,46.40118051,1.5747378650000001,-0.0139999999999993,8.556,51.725,0.04,-0.0240000000000009,20.029999,20.35,81.860001,0.0,0.0,Centralized_AC,100.438015446,1,HIGH
2487,13415.69939,54.95961159,5.032,1496.851878,60.26798528,136.4271018,46.41421248,1.693496180333333,-0.0139999999999993,8.554,51.69999999999999,0.0375000000000005,-0.0240000000000009,20.07,20.369999,81.699997,0.0,0.0,Centralized_AC,104.02335865199997,1,HIGH
2490,13501.13652,54.71836893,5.06,1502.468326,59.93861413,136.5584649,46.42279531,1.7152155903333337,-0.0139999999999993,8.554,51.725,0.04,-0.0219999999999984,20.129999,20.369999,81.75,0.0,0.0,Cassette_AC,104.71487605450001,1,HIGH
2516,13954.13327,53.48568744,5.188,1507.664702,61.57348204,138.688044,46.48064327,1.7462671983333333,-0.0139999999999993,8.554,51.6,0.04,-0.0240000000000009,20.16,20.4,81.68,0.0,0.0,Normal_AC,106.68004925599999,1,HIGH
2493,14508.41646,58.30440333,5.456,1504.741614,64.60157092,137.6876177,46.42811331,1.846310535,-0.0139999999999993,8.552,51.725,0.04,-0.0240000000000009,20.195,20.43,81.400002,0.0,0.0,Cassette_AC,110.421456113,1,HIGH
2491,14762.07886,60.47311677,5.565,1487.320587,61.23278519,141.417317,46.47685978,1.8776905700000002,-0.0139999999999993,8.554,51.69999999999999,0.04,-0.0240000000000009,20.18,20.455,81.299995,0.0,0.0,Centralized_AC,112.00796412849999,1,HIGH
2484,14817.3303,58.30323528,5.601,1492.733322,64.22082395,142.2822472,46.46037202,1.87127945,-0.0139999999999993,8.55,51.625000000000014,0.04,-0.0240000000000009,20.17,20.439999,81.229996,0.0,0.0,Normal_AC,112.5520688925,1,HIGH
2508,15253.58545,59.64038123,5.722,1497.912527,63.69966503,139.5490791,46.4258885,1.9358401069999998,-0.0139999999999993,8.548,51.625000000000014,0.0375000000000005,-0.0240000000000009,20.17,20.439999,81.220001,0.0,0.0,Normal_AC,113.96892273949999,1,HIGH
2504,15642.8896,63.32688185,5.886,1485.527443,62.05633954,140.5034914,46.45831886,1.98999268,-0.0139999999999993,8.55,51.64999999999999,0.04,-0.0240000000000009,20.17,20.469999,81.18,0.0,0.0,Normal_AC,115.914104181,1,HIGH
2497,15873.93157,64.82830394,5.996,1488.451474,63.23531325,140.0244881,46.49623324,2.0266014046666667,-0.0139999999999993,8.548,51.6,0.0375000000000005,-0.0219999999999984,20.17,20.469999,81.089996,0.0,0.0,Centralized_AC,117.28896115250001,1,HIGH
2505,16457.96203,67.31696851,6.21,1493.760973,61.57012595,144.1250386,46.49967705,2.10186591,-0.0139999999999993,8.548,51.69999999999999,0.0375000000000005,-0.0240000000000009,20.17,20.49,80.619995,0.0,0.0,Cassette_AC,120.7502558425,1,HIGH
2502,16503.5016,66.43145289,6.234,1481.175398,60.3722258,144.2277756,46.51045269,2.1243430643333334,-0.0139999999999993,8.546,51.625000000000014,0.04,-0.0240000000000009,20.205,20.5,80.650002,0.0,0.0,Cassette_AC,121.3190697,1,HIGH
2485,16578.64401,66.65922155,6.309,1496.652711,64.01492347,143.8600167,46.4696173,2.1558548836666667,-0.0139999999999993,8.544,51.625000000000014,0.04,-0.0219999999999984,20.234999,20.52,80.959999,0.0,0.0,Normal_AC,122.86888920549998,1,HIGH
2508,16849.50578,68.07588183,6.357,1479.442146,62.71168905,143.1323463,46.48344657,2.200030587,-0.0139999999999993,8.544,51.67500000000001,0.04,-0.0219999999999984,20.24,20.49,80.879997,0.0,0.0,Centralized_AC,123.91275754249999,1,HIGH
2485,17190.32945,68.68794584,6.555,1481.507186,59.96910936,144.7194672,46.47932835,2.2761735186666665,-0.0139999999999993,8.542,51.725,0.0375000000000005,-0.0240000000000009,20.275,20.48,80.739998,0.0,0.0,Centralized_AC,126.57793876399998,1,HIGH
2498,17370.89247,70.00128001,6.591,1478.401547,61.88228733,147.6626204,46.53375172,2.2799663066666667,-0.0139999999999993,8.544,51.725,0.04,-0.0240000000000009,20.295,20.49,80.939995,0.0,0.0,Normal_AC,127.78698739949999,1,HIGH
2484,17986.75232,72.81946891,6.876,1491.104361,65.16633079,148.7072797,46.55076528,2.4353725896666667,-0.0139999999999993,8.544,51.64999999999999,0.04,-0.0240000000000009,20.299999,20.49,80.879997,0.0,0.0,Normal_AC,133.7729472335,1,HIGH
2480,18107.78957,72.89030053,6.936,1474.18853,65.52574746,145.7259547,46.51448095,2.4279583403333334,-0.0120000000000004,8.542,51.69999999999999,0.04,-0.0219999999999984,20.285,20.4,81.220001,0.0,0.0,Normal_AC,132.979101004,1,HIGH
2515,18456.46401,73.92159,6.98,1471.180374,62.35428914,145.8165361,46.54113227,2.453268382666667,-0.0139999999999993,8.538,51.625000000000014,0.04,-0.0219999999999984,20.205,20.184999,81.449997,0.0,0.0,Centralized_AC,133.37332887600002,1,HIGH
2492,3397.729237,13.36817284,1.0,1539.911634,69.26676127,118.5151975,46.22997377,0.8941914123333333,-0.0139999999999993,8.538,51.57499999999999,0.04,-0.0219999999999984,20.15,20.125,81.769997,0.0,0.0,Normal_AC,68.85255593549999,0,MEDIUM
2507,3733.518982,15.81949874,1.128,1533.064919,69.94175303,117.6199351,46.22163998,0.8635931546666665,-0.0120000000000004,8.538,51.625000000000014,0.04,-0.0240000000000009,20.285,20.109999,81.959999,0.0,0.0,Centralized_AC,68.0680413695,0,MEDIUM
2484,3817.00423,17.9834895,1.173,1530.666508,69.25291459,119.8567773,46.23632926,0.8777819546666666,-0.0139999999999993,8.538,51.625000000000014,0.04,-0.0240000000000009,20.434999,20.309999,81.299995,0.0,0.0,Cassette_AC,69.0395901535,0,MEDIUM
2500,4155.094226,17.50178289,1.301,1522.631982,69.32779286,119.0359709,46.29305719,0.9123893566666667,-0.0139999999999993,8.538,51.64999999999999,0.04,-0.0219999999999984,20.549999,20.5,81.150002,0.0,0.0,Normal_AC,70.139842354,1,HIGH
2514,4432.866368,21.7974605,1.405,1530.2318,69.73185333,120.5621136,46.24765047,0.910839601,-0.0139999999999993,8.536,51.625000000000014,0.04,-0.0240000000000009,20.639999,20.639999,80.650002,0.0,0.0,Centralized_AC,70.7434944295,1,HIGH
2519,4945.370005,22.50759776,1.606,1530.321239,70.2849642,123.0519083,46.21667038,0.9409907426666667,-0.0139999999999993,8.534,51.6,0.04,-0.0240000000000009,20.549999,20.6,80.900002,0.0,0.0,Centralized_AC,72.755443985,1,HIGH
2508,5382.373373,20.88011171,1.786,1529.74714,69.72170692,122.8956044,46.26985994,0.9546144636666667,-0.0139999999999993,8.534,51.625000000000014,0.04,-0.0240000000000009,20.484999,20.5,81.0,0.0,0.0,Cassette_AC,73.400591048,1,HIGH
2516,5719.937595,25.26777771,1.913,1515.720656,69.74666462,124.8433458,46.32318213,0.9455595413333334,-0.0139999999999993,8.534,51.6,0.04,-0.0240000000000009,20.525,20.51,80.729996,0.0,0.0,Centralized_AC,73.873622383,1,HIGH
2509,6200.029253,27.01546301,2.112,1517.296948,70.0186576,121.4428365,46.27648925,0.9748562499999999,-0.0139999999999993,8.534,51.625000000000014,0.04,-0.0219999999999984,20.535,20.559999,80.419998,0.0,0.0,Cassette_AC,74.34119526499998,1,HIGH
2497,6273.914151,26.034963,2.15,1515.665722,68.99401827,122.969127,46.30991953,0.9914353523333332,-0.0159999999999982,8.532,51.6,0.04,-0.0240000000000009,20.559999,20.594999,80.199997,0.0,0.0,Cassette_AC,75.1424450605,1,HIGH
2482,6318.327973,27.00521444,2.183,1516.508069,70.6884683,120.7150825,46.29743695,0.983570008,-0.0139999999999993,8.532,51.625000000000014,0.04,-0.0219999999999984,20.594999,20.629999,80.07,0.0,0.0,Cassette_AC,74.66314111,1,HIGH
2494,6607.325911,29.8812335,2.286,1524.762142,69.10929614,126.0974171,46.3003193,0.9871792566666667,-0.0139999999999993,8.53,51.6,0.04,-0.0219999999999984,20.625,20.639999,79.959999,0.0,0.0,Cassette_AC,76.086126396,1,HIGH
2496,7273.585103,28.61326725,2.551,1522.751018,70.72346363,123.9227109,46.31884791,1.039788829,-0.0139999999999993,8.528,51.625000000000014,0.04,-0.0240000000000009,20.619999,20.664999,79.849998,0.0,0.0,Normal_AC,77.8928621395,1,HIGH
2498,7586.973173,32.95267105,2.674,1507.392804,69.12056895,128.160753,46.26716083,1.1005538573333333,-0.0139999999999993,8.526,51.625000000000014,0.04,-0.0240000000000009,20.629999,20.689999,79.889999,0.0,0.0,Normal_AC,80.7808893125,1,HIGH
2507,7877.044297,30.27034007,2.782,1511.698509,69.24682965,126.2578194,46.27370617,1.0952298946666665,-0.0139999999999993,8.528,51.625000000000014,0.04,-0.0240000000000009,20.639999,20.699999,80.379997,0.0,0.0,Normal_AC,80.38037613749998,1,HIGH
2507,8090.330276,33.87052511,2.866,1510.670126,70.51590135,125.718566,46.27291428,1.111769179,-0.0139999999999993,8.528,51.525000000000006,0.04,-0.0219999999999984,20.664999,20.709999,80.349998,0.0,0.0,Cassette_AC,81.1001020725,1,HIGH
2496,8382.989079,35.86189934,2.996,1510.599911,70.84520933,129.8528309,46.31378927,1.1256908293333334,-0.0139999999999993,8.526,51.625000000000014,0.04,-0.0219999999999984,20.664999,20.709999,80.229996,0.0,0.0,Centralized_AC,82.86071400450001,1,HIGH
2497,9076.996328,35.84842474,3.273,1505.074524,69.98996125,127.7627212,46.3523601,1.194202472,-0.0139999999999993,8.526,51.525000000000006,0.04,-0.0219999999999984,20.615,20.699999,80.159996,0.0,0.0,Cassette_AC,84.8192486475,1,HIGH
2501,9157.998611,37.27423907,3.3,1513.526244,71.56811462,128.4191388,46.36730111,1.2179290233333333,-0.0139999999999993,8.524,51.625000000000014,0.0424999999999995,-0.0240000000000009,20.594999,20.719999,80.169998,0.0,0.0,Centralized_AC,85.98637259299998,1,HIGH
2489,9945.428786,42.87877799,3.632,1510.930402,69.81507917,131.7231285,46.37295498,1.26690344,-0.0139999999999993,8.522,51.625000000000014,0.04,-0.0219999999999984,20.574999,20.719999,80.110001,0.0,0.0,Normal_AC,88.68214720049998,1,HIGH
2482,10544.66135,41.23459487,3.884,1497.760063,70.58129903,132.2790296,46.33935492,1.3307401366666667,-0.0139999999999993,8.522,51.47500000000001,0.04,-0.0240000000000009,20.574999,20.73,80.049995,0.0,0.0,Cassette_AC,91.3551563545,1,HIGH
2506,10669.98076,42.9012582,3.897,1497.202052,69.72635368,130.3717873,46.39978243,1.3351982033333334,-0.0120000000000004,8.522,51.57499999999999,0.04,-0.0240000000000009,20.574999,20.719999,79.82,0.0,0.0,Centralized_AC,90.90984597699999,1,HIGH
2509,11246.57794,47.07612116,4.124,1493.940455,69.97169992,135.5131545,46.41406687,1.3967820336666665,-0.0120000000000004,8.52,51.6,0.0424999999999995,-0.0240000000000009,20.549999,20.699999,79.779999,0.0,0.0,Centralized_AC,94.534004623,1,HIGH
2503,11669.01081,44.77537745,4.301,1505.200977,69.1193981,134.695902,46.32164918,1.4383516459999999,-0.0139999999999993,8.52,51.525000000000006,0.04,-0.0240000000000009,20.535,20.689999,79.779999,0.0,0.0,Centralized_AC,95.80243459499998,1,HIGH
2518,12458.57056,52.21449101,4.589,1510.25827,69.18222571,136.7662033,46.37949678,1.5510625026666667,-0.0139999999999993,8.52,51.49999999999999,0.04,-0.0240000000000009,20.494999,20.654999,79.790001,0.0,0.0,Normal_AC,100.2867597615,1,HIGH
2483,12414.06304,48.59024637,4.635,1501.333677,69.28231396,135.7521898,46.39248526,1.532075355,-0.0139999999999993,8.516,51.49999999999999,0.04,-0.0240000000000009,20.48,20.65,79.799995,0.0,0.0,Centralized_AC,99.57065519399998,1,HIGH
2513,12671.81533,51.59538255,4.682,1494.247447,72.00109327,135.7909463,46.43508965,1.585955857,-0.0139999999999993,8.518,51.55000000000001,0.04,-0.0219999999999984,20.475,20.654999,79.799995,0.0,0.0,Normal_AC,101.69857627549999,1,HIGH
2514,13325.80878,55.09441774,4.942,1491.075855,70.93409107,135.4879545,46.43211505,1.656230206,-0.0139999999999993,8.516,51.525000000000006,0.0424999999999995,-0.0240000000000009,20.484999,20.65,79.659996,0.0,0.0,Centralized_AC,104.0915084655,1,HIGH
2484,13393.93422,53.42666873,5.027,1499.587406,72.3673871,135.9681567,46.40917498,1.6701335716666668,-0.0139999999999993,8.516,51.55000000000001,0.04,-0.0219999999999984,20.469999,20.65,79.599998,0.0,0.0,Cassette_AC,105.01315439,1,HIGH
2498,13575.25275,53.5596326,5.073,1501.019924,73.70733164,135.4689808,46.43286573,1.6953874443333332,-0.0139999999999993,8.514,51.42500000000001,0.0375000000000005,-0.0240000000000009,20.459999,20.639999,79.549995,0.0,0.0,Normal_AC,105.938468276,1,HIGH
2517,14186.1993,55.77999723,5.278,1502.396114,74.40198641,139.9710822,46.42076538,1.7916599176666665,-0.0139999999999993,8.512,51.49999999999999,0.04,-0.0219999999999984,20.434999,20.639999,79.580002,0.0,0.0,Normal_AC,110.4668660415,1,HIGH
2485,14607.70892,57.73327807,5.515,1487.601565,74.29551507,142.0361804,46.42345929,1.865481334,-0.0139999999999993,8.512,51.57499999999999,0.04,-0.0240000000000009,20.414999,20.639999,79.43,0.0,0.0,Centralized_AC,113.6558123805,1,HIGH
2495,15074.98516,60.11318155,5.68,1496.780945,69.89200734,138.6128504,46.43949703,1.9351719936666667,-0.0139999999999993,8.512,51.525000000000006,0.04,-0.0219999999999984,20.404999,20.639999,79.409996,0.0,0.0,Normal_AC,114.560173511,1,HIGH
2490,15231.30938,61.72333208,5.753,1492.603329,73.45937218,143.5449333,46.46236866,1.9460868719999997,-0.0139999999999993,8.51,51.42500000000001,0.04,-0.0240000000000009,20.395,20.639999,79.349998,0.0,0.0,Normal_AC,116.801745312,1,HIGH
2481,15353.58022,63.99613584,5.824,1494.240033,71.0529643,138.7901901,46.51625793,1.964319384333333,-0.0139999999999993,8.51,51.400000000000006,0.04,-0.0219999999999984,20.379999,20.639999,79.239998,0.0,0.0,Cassette_AC,115.94107369999998,1,HIGH
2491,15943.53893,65.7553893,6.038,1497.049085,73.7995469,141.9281925,46.51111951,2.071370498333333,-0.0139999999999993,8.508,51.47500000000001,0.04,-0.0240000000000009,20.385,20.639999,79.169998,0.0,0.0,Normal_AC,120.77709510999999,1,HIGH
2489,16245.61983,66.71604473,6.164,1496.41971,70.96909606,142.2788115,46.44589373,2.1241598253333334,-0.0139999999999993,8.508,51.44999999999999,0.04,-0.0219999999999984,20.379999,20.635,79.080002,0.0,0.0,Cassette_AC,122.275862044,1,HIGH
2514,16997.37965,66.19428589,6.401,1486.560955,72.03468712,145.3201362,46.5329781,2.1892087236666664,-0.0139999999999993,8.508,51.525000000000006,0.0375000000000005,-0.0240000000000009,20.385,20.639999,79.0,0.0,0.0,Cassette_AC,125.62099882799998,1,HIGH
2482,17460.31485,68.5877549,6.671,1483.516554,74.1811846,143.9577039,46.50926247,2.3063370956666667,-0.0139999999999993,8.506,51.525000000000006,0.04,-0.0219999999999984,20.385,20.639999,78.879997,0.0,0.0,Normal_AC,129.65671653500002,1,HIGH
2488,17609.7168,72.37340908,6.714,1493.78083,72.48163238,143.6261203,46.52169958,2.357325240333333,-0.0139999999999993,8.506,51.49999999999999,0.04,-0.0219999999999984,20.375,20.639999,78.759995,0.0,0.0,Normal_AC,130.934532142,1,HIGH
2513,3418.533668,13.22219668,1.0,1534.857268,60.41533776,131.4374504,46.34413099,0.8680318220000002,-0.0139999999999993,8.504,51.49999999999999,0.04,-0.0240000000000009,20.344999,20.639999,78.689995,0.0,0.0,Normal_AC,69.970617924,0,MEDIUM
2510,3737.301967,17.38655135,1.129,1523.297541,60.66544485,133.3472145,46.31623394,0.8845532456666666,-0.0139999999999993,8.502,51.47500000000001,0.0424999999999995,-0.0240000000000009,20.375,20.639999,78.599998,0.0,0.0,Centralized_AC,71.2397177225,1,HIGH
2486,4100.445577,19.68100632,1.286,1535.704115,60.10885238,133.7030897,46.38006768,0.8637702176666666,-0.0120000000000004,8.502,51.400000000000006,0.0375000000000005,-0.0219999999999984,20.344999,20.639999,78.549995,0.0,0.0,Normal_AC,70.934706812,1,HIGH
2505,4762.292997,21.77610916,1.541,1530.640122,60.86964723,135.9438029,46.40123942,0.9232362543333332,-0.0159999999999982,8.5,51.44999999999999,0.0375000000000005,-0.0240000000000009,20.334999,20.619999,78.449997,0.0,0.0,Cassette_AC,73.9029854395,1,HIGH
2507,5206.761635,22.37376298,1.717,1528.977071,61.62647982,135.1965377,46.38595633,0.9572141816666667,-0.0139999999999993,8.5,51.400000000000006,0.0424999999999995,-0.0219999999999984,20.314999,20.609999,78.360001,0.0,0.0,Normal_AC,75.202031848,1,HIGH
2488,5574.984287,22.4915808,1.878,1520.601076,59.96104008,135.7217333,46.34805224,0.9643495766666668,-0.0139999999999993,8.498,51.400000000000006,0.04,-0.0240000000000009,20.324999,20.6,78.18,0.0,0.0,Centralized_AC,75.619076637,1,HIGH
2518,5754.028949,22.73104558,1.928,1521.123354,60.52579925,135.7660936,46.45796174,0.974532275,-0.0139999999999993,8.498,51.400000000000006,0.04,-0.0219999999999984,20.324999,20.6,78.040001,0.0,0.0,Normal_AC,76.1203615375,1,HIGH
2519,5981.625611,26.83830883,2.015,1523.575664,61.87554682,135.039612,46.45403372,0.9883982666666666,-0.0139999999999993,8.498,51.375,0.04,-0.0240000000000009,20.324999,20.605,78.040001,0.0,0.0,Cassette_AC,76.731183023,1,HIGH
2490,6494.906674,28.1834899,2.246,1519.224732,61.01866678,138.098013,46.45430751,1.0020274949999999,-0.0139999999999993,8.496,51.400000000000006,0.04,-0.0240000000000009,20.324999,20.615,77.93,0.0,0.0,Centralized_AC,78.238128117,1,HIGH
2488,6955.16752,29.00310836,2.432,1515.939203,60.86149991,140.2104504,46.43920881,1.0317856516666668,-0.0139999999999993,8.496,51.42500000000001,0.04,-0.0240000000000009,20.324999,20.6,77.849998,0.0,0.0,Cassette_AC,80.00740713649999,1,HIGH
2503,7245.484956,32.01918171,2.534,1523.745361,61.80602919,137.4279027,46.43105536,1.029324813,-0.0139999999999993,8.494,51.400000000000006,0.04,-0.0240000000000009,20.34,20.6,77.82,0.0,0.0,Normal_AC,79.5836244435,1,HIGH
2489,7751.458383,32.56028321,2.752,1513.022144,60.19998292,139.881907,46.45974736,1.09863367,-0.0139999999999993,8.496,51.42500000000001,0.04,-0.0240000000000009,20.344999,20.6,77.739998,0.0,0.0,Cassette_AC,82.471484288,1,HIGH
2512,8346.982083,33.64650728,2.964,1519.567634,61.46306381,143.9702233,46.40680571,1.1242806163333332,-0.0139999999999993,8.492,51.400000000000006,0.04,-0.0219999999999984,20.355,20.59,77.669998,0.0,0.0,Normal_AC,84.87643388649998,1,HIGH
2514,9160.711026,35.9442855,3.283,1511.487677,62.3646066,144.1860781,46.51912903,1.2054695496666668,-0.0139999999999993,8.494,51.47500000000001,0.04,-0.0240000000000009,20.344999,20.594999,77.720001,0.0,0.0,Cassette_AC,88.13929700499999,1,HIGH
2482,9723.840326,37.79797345,3.553,1507.476414,61.2312224,141.4400277,46.46183259,1.272715986,-0.0139999999999993,8.494,51.49999999999999,0.04,-0.0240000000000009,20.334999,20.59,77.779999,0.0,0.0,Centralized_AC,89.84016986499998,1,HIGH
2495,9902.175272,41.86603932,3.607,1515.823508,61.0313762,144.7729144,46.47341801,1.2580021086666668,-0.0139999999999993,8.49,51.42500000000001,0.0375000000000005,-0.0240000000000009,20.324999,20.549999,77.659996,0.0,0.0,Cassette_AC,90.30949829,1,HIGH
2512,10013.20054,42.42713577,3.625,1513.788127,62.06016385,145.8893574,46.55790242,1.2614066543333333,-0.0139999999999993,8.49,51.400000000000006,0.04,-0.0240000000000009,20.305,20.559999,77.629997,0.0,0.0,Normal_AC,90.88156355749999,1,HIGH
2495,10600.61995,43.04691567,3.886,1500.531798,63.30258454,144.7989613,46.52430224,1.333402968,-0.0139999999999993,8.49,51.400000000000006,0.04,-0.0240000000000009,20.305,20.549999,77.489998,0.0,0.0,Centralized_AC,93.47721704599999,1,HIGH
2510,11287.41481,47.90413666,4.136,1511.601998,62.15928903,146.3457346,46.47975437,1.3905848369999998,-0.0139999999999993,8.488,51.400000000000006,0.04,-0.0219999999999984,20.26,20.52,77.459999,0.0,0.0,Normal_AC,95.9078721145,1,HIGH
2517,11336.82717,47.79718522,4.144,1504.461461,61.7643881,145.285831,46.55875896,1.3892230576666666,-0.0139999999999993,8.488,51.42500000000001,0.04,-0.0240000000000009,20.24,20.48,77.379997,0.0,0.0,Centralized_AC,95.55880769499998,1,HIGH
2516,12071.69225,49.52979298,4.438,1497.356634,61.85209206,146.9393215,46.54084102,1.4760683739999998,-0.0139999999999993,8.488,51.35000000000001,0.04,-0.0219999999999984,20.234999,20.465,77.32,0.0,0.0,Cassette_AC,99.178695404,1,HIGH
2493,12766.64613,51.84280715,4.758,1498.546489,62.1807833,150.9978931,46.52850776,1.5790901609999999,-0.0159999999999982,8.486,51.42500000000001,0.04,-0.0240000000000009,20.219999,20.43,77.189995,0.0,0.0,Cassette_AC,103.97329559999999,1,HIGH
2519,13235.92233,52.54165996,4.895,1498.659217,62.53798803,149.1761736,46.57810609,1.650616175,-0.0139999999999993,8.484,51.42500000000001,0.04,-0.0219999999999984,20.219999,20.404999,77.049995,0.0,0.0,Centralized_AC,105.99122685449997,1,HIGH
2510,13211.98768,54.9274019,4.904,1505.308921,64.33909607,150.5332858,46.49624089,1.658772807,-0.0139999999999993,8.484,51.42500000000001,0.04,-0.0240000000000009,20.209999,20.4,77.0,0.0,0.0,Cassette_AC,106.86337007049998,1,HIGH
2487,13892.33988,55.45514933,5.224,1503.669371,63.18203042,152.3403592,46.51961933,1.7721604469999999,-0.0139999999999993,8.484,51.42500000000001,0.0424999999999995,-0.0240000000000009,20.205,20.369999,76.939995,0.0,0.0,Cassette_AC,111.183707773,1,HIGH
2506,14185.53662,54.41298016,5.299,1489.370697,61.89297131,151.6097844,46.54943144,1.7570863746666667,-0.0139999999999993,8.482,51.42500000000001,0.04,-0.0240000000000009,20.18,20.359999,76.860001,0.0,0.0,Centralized_AC,110.5049830365,1,HIGH
2493,14916.61556,58.16974477,5.62,1490.105091,63.46449711,154.1170791,46.53439207,1.8760756516666666,-0.0139999999999993,8.482,51.42500000000001,0.04,-0.0240000000000009,20.17,20.309999,76.979996,0.0,0.0,Cassette_AC,115.57921389149999,1,HIGH
2518,15568.12259,59.77456371,5.825,1494.092112,60.1996373,155.5798288,46.59884553,1.9917505899999999,-0.0139999999999993,8.48,51.42500000000001,0.0375000000000005,-0.0240000000000009,20.17,20.275,76.549995,0.0,0.0,Cassette_AC,119.33492049499999,1,HIGH
2501,15562.48499,62.41080919,5.862,1498.346984,62.74310465,158.0854473,46.67045199,2.002921327,-0.0139999999999993,8.48,51.49999999999999,0.0424999999999995,-0.0240000000000009,20.234999,20.225,75.739998,0.0,0.0,Cassette_AC,120.75296733249999,1,HIGH
2512,15682.35856,63.68187705,5.883,1484.896252,63.69486475,157.9370115,46.61746959,2.0023482070000003,-0.0139999999999993,8.478,51.42500000000001,0.04,-0.0219999999999984,20.26,20.27,75.089996,0.0,0.0,Normal_AC,120.88292879750001,1,HIGH
2496,15939.50611,62.87688882,6.025,1488.014974,63.38926464,157.9248036,46.64731056,2.056520377,-0.0139999999999993,8.478,51.325,0.04,-0.0240000000000009,20.314999,20.299999,74.549995,0.0,0.0,Normal_AC,122.743201906,1,HIGH
2513,16254.98115,63.3150356,6.108,1479.503015,65.66250446,158.6839195,46.64847235,2.068219122,-0.0139999999999993,8.478,51.375,0.04,-0.0240000000000009,20.35,20.334999,74.610001,0.0,0.0,Normal_AC,123.790929204,1,HIGH
2502,16238.36176,62.17510447,6.128,1492.313227,62.67644665,158.5154907,46.59994715,2.0844776046666667,-0.0139999999999993,8.476,51.400000000000006,0.04,-0.0240000000000009,20.35,20.35,74.75,0.0,0.0,Centralized_AC,123.82866781249999,1,HIGH
2489,16269.60995,66.77768561,6.172,1491.328289,62.84367334,158.3192078,46.60640574,2.1185229826666667,-0.0120000000000004,8.476,51.375,0.04,-0.0240000000000009,20.34,20.35,74.68,0.0,0.0,Normal_AC,124.914042431,1,HIGH
2485,16336.7763,64.46933515,6.21,1476.706574,65.27438453,159.3460453,46.64497508,2.115785823,-0.0139999999999993,8.474,51.325,0.04,-0.0240000000000009,20.334999,20.35,75.010002,0.0,0.0,Centralized_AC,125.5292436945,1,HIGH
2497,16596.85192,64.96789114,6.286,1482.540546,60.03031677,159.5793682,46.61698653,2.161890551,-0.0139999999999993,8.472,51.42500000000001,0.04,-0.0240000000000009,20.305,20.33,75.0,0.0,0.0,Centralized_AC,126.33610609549999,1,HIGH
2484,17003.85068,65.9255088,6.481,1486.540548,63.18395627,159.1543158,46.69739996,2.2407097376666667,-0.0139999999999993,8.472,51.400000000000006,0.04,-0.0240000000000009,20.289999,20.32,74.799995,0.0,0.0,Centralized_AC,129.4574645205,1,HIGH
2503,17795.68075,70.56968309,6.75,1476.548378,61.71544847,160.3763561,46.67257651,2.3493401636666666,-0.0139999999999993,8.47,51.42500000000001,0.04,-0.0240000000000009,20.295,20.309999,75.369995,0.0,0.0,Centralized_AC,133.3396112055,1,HIGH
2503,18297.56611,70.47527746,6.949,1469.6345,65.37307252,162.7927415,46.68698465,2.4646225806666666,-0.0139999999999993,8.47,51.400000000000006,0.04,-0.0240000000000009,20.275,20.324999,75.689995,0.0,0.0,Cassette_AC,138.34882367300003,1,HIGH
2509,18868.55867,76.75246315,7.16,1479.537435,64.97223639,163.8039274,46.66943671,2.5282912166666667,-0.0139999999999993,8.47,51.375,0.04,-0.0219999999999984,20.285,20.334999,75.900002,0.0,0.0,Centralized_AC,140.87355380850002,1,HIGH
2482,3385.86922,17.35099565,1.0,1341.424294,60.70011016,139.1291224,46.42841701,0.862667693,-0.0139999999999993,8.47,51.42500000000001,0.04,-0.0219999999999984,20.26,20.35,75.900002,0.0,0.0,Normal_AC,71.77532791399999,1,HIGH
2486,3701.358487,14.2827107,1.125,1340.10491,60.66415505,141.9205746,46.46978562,0.8799224373333333,-0.0139999999999993,8.468,51.35000000000001,0.04,-0.0240000000000009,20.26,20.324999,76.119995,0.0,0.0,Centralized_AC,73.2354400275,1,HIGH
2486,4292.423022,18.05883251,1.363,1344.821376,60.3099078,140.5505704,46.45533543,0.8962693993333333,-0.0139999999999993,8.468,51.42500000000001,0.04,-0.0240000000000009,20.24,20.314999,76.259995,0.0,0.0,Cassette_AC,73.80621074999999,1,HIGH
2486,4968.711842,23.52549827,1.634,1341.754361,61.17195869,143.9805253,46.44726376,0.9308270406666667,-0.0139999999999993,8.466,51.400000000000006,0.04,-0.0219999999999984,20.26,20.324999,76.489998,0.0,0.0,Normal_AC,76.3717363485,1,HIGH
2517,5096.958459,22.16709056,1.666,1333.294203,60.92339904,143.4724076,46.50527213,0.9475860013333334,-0.0139999999999993,8.466,51.42500000000001,0.04,-0.0240000000000009,20.25,20.32,76.309998,0.0,0.0,Cassette_AC,76.774191796,1,HIGH
2486,5756.738766,23.1010097,1.952,1321.728835,60.42923708,146.379851,46.50988142,0.9496826216666667,-0.0120000000000004,8.466,51.35000000000001,0.04,-0.0240000000000009,20.25,20.324999,76.419998,0.0,0.0,Centralized_AC,78.061826962,1,HIGH
2512,6049.355237,24.21250321,2.049,1322.746716,61.66883328,146.2502701,46.50342541,0.9589482583333334,-0.0139999999999993,8.464,51.325,0.04,-0.0240000000000009,20.25,20.33,76.479996,0.0,0.0,Cassette_AC,78.687340267,1,HIGH
2508,6515.040467,25.4365708,2.238,1327.644427,60.14445097,145.3044103,46.54414623,1.0065617006666667,-0.0139999999999993,8.462,51.35000000000001,0.0375000000000005,-0.0240000000000009,20.25,20.314999,76.400002,0.0,0.0,Normal_AC,80.0281212405,1,HIGH
2489,6485.344174,25.01304184,2.243,1328.034725,61.33338583,143.2872591,46.49046679,1.0209129633333334,-0.0139999999999993,8.46,51.325,0.04,-0.0240000000000009,20.279999,20.324999,76.68,0.0,0.0,Centralized_AC,80.14321154950001,1,HIGH
2494,6616.82621,26.53002069,2.291,1324.066347,61.1846769,145.1705686,46.51196822,1.0295754553333334,-0.0139999999999993,8.46,51.325,0.04,-0.0240000000000009,20.275,20.324999,76.75,0.0,0.0,Cassette_AC,80.947607345,1,HIGH
2513,6934.833679,30.92834935,2.4,1316.088409,62.49614207,149.0647162,46.45918726,1.010653147,-0.0139999999999993,8.46,51.325,0.04,-0.0240000000000009,20.26,20.299999,76.839996,0.0,0.0,Normal_AC,81.76819477049999,1,HIGH
2486,7571.828252,30.56632108,2.683,1323.649153,60.26926447,150.0748395,46.54761597,1.0527890716666668,-0.0139999999999993,8.458,51.35000000000001,0.04,-0.0240000000000009,20.25,20.285,76.979996,0.0,0.0,Cassette_AC,83.5167716955,1,HIGH
2484,7777.7865,31.17161657,2.768,1318.609366,59.85825589,147.162641,46.58203971,1.1070056896666667,-0.0139999999999993,8.458,51.325,0.04,-0.0240000000000009,20.234999,20.285,77.080002,0.0,0.0,Normal_AC,84.5235693235,1,HIGH
2484,8428.373716,35.10757136,3.03,1298.83298,61.36416838,148.3737314,46.5273979,1.1432462159999999,-0.0139999999999993,8.458,51.325,0.04,-0.0240000000000009,20.24,20.275,77.330002,0.0,0.0,Cassette_AC,86.663444587,1,HIGH
2514,8663.4103,33.98646166,3.087,1303.190916,63.12665778,147.8884224,46.6056797,1.1401184083333333,-0.0139999999999993,8.456,51.325,0.04,-0.0240000000000009,20.285,20.285,78.009995,0.0,0.0,Cassette_AC,86.82665651699999,1,HIGH
2494,9101.940359,35.80647202,3.287,1302.914838,61.82066362,151.3722788,46.59497099,1.184692307,-0.0139999999999993,8.456,51.29999999999998,0.04,-0.0240000000000009,20.275,20.305,78.040001,0.0,0.0,Centralized_AC,89.238938453,1,HIGH
2489,9755.997916,41.96243131,3.557,1294.988308,60.71141685,153.2655307,46.579912,1.246370263,-0.0120000000000004,8.456,51.29999999999998,0.04,-0.0240000000000009,20.285,20.32,78.299995,0.0,0.0,Normal_AC,91.9362030925,1,HIGH
2480,10409.08321,40.64206789,3.833,1287.064247,61.56185029,152.3146805,46.5773436,1.3261775533333333,-0.0120000000000004,8.454,51.29999999999998,0.04,-0.0219999999999984,20.314999,20.33,78.419998,0.0,0.0,Cassette_AC,94.77227426849998,1,HIGH
2499,10711.17964,44.26717713,3.925,1298.3768,60.68558198,153.3688772,46.55883777,1.3664098753333331,-0.0139999999999993,8.452,51.42500000000001,0.04,-0.0219999999999984,20.305,20.35,78.529999,0.0,0.0,Cassette_AC,96.295352857,1,HIGH
2503,11100.44426,45.71567388,4.074,1286.455609,61.59119585,153.494608,46.62962447,1.3688360126666665,-0.0139999999999993,8.454,51.35000000000001,0.04,-0.0240000000000009,20.309999,20.344999,78.619995,0.0,0.0,Normal_AC,96.8334117575,1,HIGH
2517,11780.3652,47.92480024,4.321,1282.255189,61.08982254,157.2145088,46.61904442,1.4539039666666664,-0.0139999999999993,8.452,51.42500000000001,0.04,-0.0219999999999984,20.314999,20.344999,78.529999,0.0,0.0,Normal_AC,100.73421958099999,1,HIGH
2499,12102.07221,50.6588852,4.481,1281.381474,62.23858951,155.4920086,46.60691649,1.4948620246666666,-0.0139999999999993,8.45,51.325,0.04,-0.0219999999999984,20.27,20.33,78.68,0.0,0.0,Normal_AC,102.0246513165,1,HIGH
2488,12748.1207,53.79724395,4.76,1286.17071,63.31516468,156.8042164,46.62157567,1.615129481,-0.0139999999999993,8.448,51.275000000000006,0.04,-0.0240000000000009,20.285,20.334999,78.629997,0.0,0.0,Cassette_AC,106.680213232,1,HIGH
2515,13324.52577,54.84217193,4.94,1287.633585,61.2507533,158.6735507,46.63965174,1.633444001,-0.0139999999999993,8.448,51.29999999999998,0.04,-0.0240000000000009,20.289999,20.344999,78.549995,0.0,0.0,Normal_AC,107.74732069999997,1,HIGH
2483,13474.2401,56.46233723,5.064,1284.453251,62.54226837,157.7501915,46.59732639,1.6807283690000003,-0.0139999999999993,8.448,51.22500000000001,0.04,-0.0219999999999984,20.324999,20.344999,78.279999,0.0,0.0,Cassette_AC,109.37673920050001,1,HIGH
2490,13518.33546,55.48957429,5.066,1267.826612,60.22563326,160.6960502,46.62563814,1.6795287096666665,-0.0139999999999993,8.446,51.325,0.04,-0.0219999999999984,20.299999,20.344999,78.259995,0.0,0.0,Normal_AC,109.733718829,1,HIGH
2504,13957.46134,53.96460268,5.214,1275.103249,63.00753723,159.6035413,46.66469065,1.7327044936666667,-0.0139999999999993,8.444,51.29999999999998,0.04,-0.0240000000000009,20.289999,20.35,78.32,0.0,0.0,Normal_AC,111.76915071949999,1,HIGH
2517,14459.62002,55.16642425,5.385,1258.97692,62.37225484,160.8866282,46.73070155,1.833057245,-0.0139999999999993,8.444,51.25,0.04,-0.0240000000000009,20.295,20.344999,78.290001,0.0,0.0,Centralized_AC,115.34721262599999,1,HIGH
2516,14877.19307,59.55916352,5.554,1276.156273,61.33088608,164.8889225,46.72366706,1.8796359293333333,-0.0159999999999982,8.444,51.375,0.04,-0.0219999999999984,20.324999,20.35,78.279999,0.0,0.0,Cassette_AC,117.92694141700001,1,HIGH
2515,14930.98478,60.07739183,5.578,1268.49621,64.98991723,164.547797,46.60971591,1.8971271993333332,-0.0139999999999993,8.444,51.325,0.04,-0.0240000000000009,20.285,20.359999,78.330002,0.0,0.0,Normal_AC,118.9632528145,1,HIGH
2498,15361.43167,59.09809421,5.787,1254.167287,63.35846001,161.2657292,46.7221981,1.9352719533333331,-0.0139999999999993,8.442,51.29999999999998,0.04,-0.0240000000000009,20.289999,20.35,77.779999,0.0,0.0,Centralized_AC,119.46035990149998,1,HIGH
2507,15439.69697,60.93097168,5.798,1263.391473,62.30114144,161.2247334,46.71574813,1.9602427196666667,-0.0120000000000004,8.44,51.22500000000001,0.04,-0.0219999999999984,20.295,20.35,77.25,0.0,0.0,Cassette_AC,120.062636156,1,HIGH
2488,15839.8956,63.03511017,6.003,1256.209598,60.36178818,162.5030692,46.65731806,2.0143887323333334,-0.0139999999999993,8.44,51.275000000000006,0.04,-0.0240000000000009,20.285,20.344999,77.029999,0.0,0.0,Cassette_AC,122.12569749699999,1,HIGH
2513,16616.35413,64.65422231,6.253,1259.951265,60.93126398,164.3176183,46.7425751,2.129545038666667,-0.0139999999999993,8.438,51.325,0.04,-0.0240000000000009,20.26,20.334999,77.099998,0.0,0.0,Normal_AC,126.61944533200001,1,HIGH
2509,16837.35404,65.59224579,6.352,1255.760364,64.11335662,164.2047382,46.7055614,2.207865095333333,-0.0139999999999993,8.438,51.325,0.04,-0.0240000000000009,20.25,20.314999,77.029999,0.0,0.0,Centralized_AC,129.616140903,1,HIGH
2492,17106.98894,69.00981839,6.501,1244.24163,62.54920391,166.4237041,46.74391508,2.2748258613333334,-0.0139999999999993,8.438,51.325,0.04,-0.0240000000000009,20.24,20.314999,76.979996,0.0,0.0,Cassette_AC,132.24308245150002,1,HIGH
2509,17670.34821,70.52753475,6.681,1246.049444,65.77483869,167.8464922,46.75568952,2.2999222576666667,-0.0139999999999993,8.438,51.29999999999998,0.04,-0.0240000000000009,20.17,20.299999,77.099998,0.0,0.0,Cassette_AC,134.1955165835,1,HIGH
2493,18321.88631,74.90493718,6.988,1244.876358,64.03649438,167.4228329,46.75235625,2.4781257919999997,-0.0139999999999993,8.436,51.29999999999998,0.0424999999999995,-0.0240000000000009,20.109999,20.275,77.099998,0.0,0.0,Normal_AC,139.789456142,1,HIGH
2481,18703.55317,72.94281727,7.175,1239.949639,60.85496065,171.7998674,46.7373842,2.544400733333333,-0.0120000000000004,8.436,51.22500000000001,0.04,-0.0219999999999984,20.094999,20.27,77.099998,0.0,0.0,Normal_AC,142.7682329475,1,HIGH
2492,19027.80762,75.23349767,7.274,1239.258985,60.64960275,172.7113818,46.75319966,2.6161423543333333,-0.0139999999999993,8.434,51.22500000000001,0.04,-0.0240000000000009,20.1,20.279999,77.129997,0.0,0.0,Centralized_AC,145.3155564925,1,HIGH
2496,3399.121562,15.62614246,1.0,496.0386448,60.66784794,117.055715,46.21312019,0.8809439593333334,-0.0120000000000004,8.434,51.22500000000001,0.04,-0.0219999999999984,20.129999,20.285,77.07,0.0,0.0,Normal_AC,66.800424721,0,MEDIUM
2510,4228.90683,16.611677,1.325,481.2644099,60.53679169,121.5288176,46.2388518,0.8990323523333333,-0.0139999999999993,8.434,51.325,0.04,-0.0240000000000009,20.145,20.305,77.019997,0.0,0.0,Centralized_AC,69.09169372349999,0,MEDIUM
2520,4365.313084,16.65792344,1.373,477.7257643,61.33470066,118.5954172,46.30089197,0.8943515936666667,-0.0139999999999993,8.432,51.22500000000001,0.04,-0.0240000000000009,20.15,20.32,76.979996,0.0,0.0,Centralized_AC,68.433607209,0,MEDIUM
2492,5006.532949,21.98265915,1.646,479.7981461,61.47570724,119.8373418,46.20298683,0.9193167886666668,-0.0139999999999993,8.432,51.2,0.04,-0.0219999999999984,20.17,20.324999,76.889999,0.0,0.0,Centralized_AC,70.06019519600001,1,HIGH
2514,5796.62682,22.96493566,1.945,476.8894201,61.86594625,122.3737243,46.30306767,0.9450333113333332,-0.0120000000000004,8.43,51.22500000000001,0.04,-0.0219999999999984,20.17,20.35,76.839996,0.0,0.0,Normal_AC,72.12232235249999,1,HIGH
2517,5869.847155,25.04834622,1.973,483.5916414,61.5500564,124.9953341,46.27883279,0.9886060553333333,-0.0139999999999993,8.428,51.29999999999998,0.04,-0.0240000000000009,20.184999,20.359999,76.779999,0.0,0.0,Centralized_AC,74.093523645,1,HIGH
2481,5868.210586,24.82918982,2.002,486.2050037,61.64784558,120.9700872,46.27873018,0.9671779373333335,-0.0120000000000004,8.428,51.325,0.04,-0.0240000000000009,20.184999,20.365,76.729996,0.0,0.0,Normal_AC,72.517036757,1,HIGH
2497,6099.038284,26.98395663,2.082,482.1101333,61.6526936,124.1036046,46.30566097,0.9809636666666667,-0.0139999999999993,8.428,51.29999999999998,0.04,-0.0240000000000009,20.184999,20.369999,76.699997,0.0,0.0,Normal_AC,73.87471518999999,1,HIGH
2495,6229.684244,25.41196388,2.136,484.8282094,61.09004743,120.9322155,46.29885674,0.9980622093333332,-0.0139999999999993,8.426,51.22500000000001,0.04,-0.0240000000000009,20.18,20.369999,76.68,0.0,0.0,Cassette_AC,73.6184272695,1,HIGH
2496,6399.217361,28.80557641,2.201,488.6586623,61.66335533,125.0598817,46.27151332,1.0201370136666668,-0.0139999999999993,8.424,51.2,0.04,-0.0240000000000009,20.17,20.369999,76.619995,0.0,0.0,Centralized_AC,75.52858413450001,1,HIGH
2496,6649.290958,26.32856974,2.303,476.0959771,62.03518092,121.5545701,46.25140546,1.0298493083333333,-0.0159999999999982,8.424,51.275000000000006,0.04,-0.0240000000000009,20.17,20.379999,76.559998,0.0,0.0,Cassette_AC,75.20339891299999,1,HIGH
2514,6713.995135,29.77917863,2.312,488.6561551,60.28071998,126.1582779,46.26722885,1.0116916343333333,-0.0139999999999993,8.424,51.150000000000006,0.04,-0.0240000000000009,20.17,20.375,76.509995,0.0,0.0,Normal_AC,75.56442650199999,1,HIGH
2506,7076.582891,28.7262077,2.463,480.3980887,60.23043775,125.176124,46.26994979,1.040079263,-0.0139999999999993,8.422,51.22500000000001,0.0375000000000005,-0.0240000000000009,20.17,20.379999,76.459999,0.0,0.0,Centralized_AC,76.4644745525,1,HIGH
2496,7509.700783,30.55280491,2.646,492.4474659,61.87155365,123.1751491,46.34055587,1.0832750256666668,-0.0139999999999993,8.422,51.22500000000001,0.04,-0.0219999999999984,20.16,20.379999,76.369995,0.0,0.0,Centralized_AC,77.8727710925,1,HIGH
2482,7875.407374,31.08119651,2.809,483.9507326,61.17324207,126.9426796,46.31239016,1.082227147,-0.0139999999999993,8.422,51.2,0.04,-0.0219999999999984,20.16,20.379999,76.349998,0.0,0.0,Cassette_AC,79.00447062049999,1,HIGH
2506,8661.58247,36.52665968,3.096,478.1839134,62.91248507,128.0375026,46.39209714,1.1450129223333334,-0.0139999999999993,8.42,51.175,0.04,-0.0259999999999998,20.15,20.379999,76.299995,0.0,0.0,Centralized_AC,81.99663608050001,1,HIGH
2516,9227.967334,38.46754476,3.307,479.1060734,63.30866493,128.2964272,46.30073717,1.227551962,-0.0139999999999993,8.42,51.22500000000001,0.04,-0.0240000000000009,20.15,20.379999,76.199997,0.0,0.0,Cassette_AC,85.0189653995,1,HIGH
2510,9276.980625,36.72981921,3.337,482.4804008,63.32262498,131.6181652,46.3702911,1.2087798726666668,-0.0139999999999993,8.42,51.22500000000001,0.04,-0.0240000000000009,20.145,20.369999,76.169998,0.0,0.0,Centralized_AC,85.348331227,1,HIGH
2484,9680.267499,38.28840664,3.534,482.1743746,62.71425951,127.7543178,46.31184983,1.2317159433333333,-0.0120000000000004,8.418,51.175,0.0375000000000005,-0.0219999999999984,20.139999,20.365,76.139999,0.0,0.0,Cassette_AC,85.37269667649998,1,HIGH
2514,10463.67609,41.43810331,3.803,486.1093414,63.83564316,129.5439877,46.38118524,1.34716419,-0.0139999999999993,8.418,51.1,0.04,-0.0240000000000009,20.145,20.369999,76.119995,0.0,0.0,Cassette_AC,89.99026909899999,1,HIGH
2484,11022.51843,43.16234961,4.073,486.4863477,61.20497801,132.8526004,46.35091759,1.3733951826666668,-0.0139999999999993,8.418,51.150000000000006,0.04,-0.0240000000000009,20.129999,20.359999,76.089996,0.0,0.0,Normal_AC,91.74975228150001,1,HIGH
2491,11413.28695,44.87767652,4.22,475.8853733,60.30384326,134.8360296,46.40048274,1.4155378580000002,-0.0139999999999993,8.416,51.22500000000001,0.04,-0.0240000000000009,20.129999,20.359999,76.040001,0.0,0.0,Normal_AC,93.668719629,1,HIGH
2515,11771.92466,47.70697586,4.321,485.4396851,62.01215533,134.1656158,46.44803615,1.4602813263333332,-0.0139999999999993,8.414,51.2,0.0424999999999995,-0.0219999999999984,20.125,20.35,76.009995,0.0,0.0,Normal_AC,95.30216703949999,1,HIGH
2487,12462.1853,49.61588447,4.648,489.7827713,63.88558719,136.964184,46.38755576,1.5528581506666665,-0.0139999999999993,8.414,51.22500000000001,0.04,-0.0240000000000009,20.109999,20.35,75.949997,0.0,0.0,Normal_AC,99.7136285985,1,HIGH
2515,13043.16984,51.22473688,4.828,482.2718558,64.00967215,135.6689873,46.41943344,1.639939375,-0.0120000000000004,8.412,51.22500000000001,0.0375000000000005,-0.0240000000000009,20.109999,20.35,75.93,0.0,0.0,Centralized_AC,102.3803788975,1,HIGH
2506,13570.07666,55.53799277,5.055,488.3891071,62.85001682,135.7894735,46.42193692,1.6677683833333334,-0.0139999999999993,8.412,51.22500000000001,0.04,-0.0219999999999984,20.105,20.324999,75.879997,0.0,0.0,Cassette_AC,103.525922398,1,HIGH
2502,13568.72782,55.03766246,5.062,472.2601611,60.45693473,137.2291603,46.46912936,1.675992667,-0.0139999999999993,8.412,51.2,0.04,-0.0240000000000009,20.094999,20.32,75.809998,0.0,0.0,Normal_AC,103.78761029449998,1,HIGH
2509,14016.72945,53.43985886,5.228,480.032833,63.577959,136.4960215,46.48252066,1.7682912573333331,-0.0139999999999993,8.41,51.125,0.0424999999999995,-0.0240000000000009,20.07,20.309999,75.809998,0.0,0.0,Normal_AC,107.17393694499998,1,HIGH
2493,14754.05389,60.58957837,5.555,480.4901902,61.69371525,142.2882629,46.48611813,1.8673463963333334,-0.0139999999999993,8.41,51.22500000000001,0.0375000000000005,-0.0240000000000009,20.049999,20.285,75.809998,0.0,0.0,Cassette_AC,111.9640149025,1,HIGH
2494,15265.09357,60.22738345,5.759,477.8879988,62.64979505,142.7087507,46.48397087,1.9176963236666664,-0.0139999999999993,8.408,51.075,0.04,-0.0219999999999984,20.02,20.275,75.82,0.0,0.0,Cassette_AC,114.1315466425,1,HIGH
2514,16005.75787,65.15241312,6.008,483.0531808,64.3331139,143.1819046,46.50850723,2.02968369,-0.0120000000000004,8.408,51.22500000000001,0.04,-0.0219999999999984,20.0,20.27,75.799995,0.0,0.0,Cassette_AC,118.35995393500001,1,HIGH
2497,16384.49242,63.08112075,6.2,480.4801414,61.85397413,142.6649907,46.42828475,2.1261721513333334,-0.0139999999999993,8.408,51.22500000000001,0.04,-0.0240000000000009,20.004999,20.27,75.739998,0.0,0.0,Normal_AC,121.1375083345,1,HIGH
2509,17032.2103,69.07641249,6.427,487.0136735,64.54367763,143.5212827,46.54618158,2.2096979043333334,-0.0139999999999993,8.406,51.175,0.04,-0.0219999999999984,19.984999,20.254999,75.639999,0.0,0.0,Centralized_AC,124.71480944950001,1,HIGH
2492,17405.31702,67.03796844,6.621,479.4260681,63.14820053,143.9422578,46.52300327,2.2911422753333333,-0.0120000000000004,8.406,51.25,0.0375000000000005,-0.0240000000000009,19.969999,20.225,75.470001,0.0,0.0,Centralized_AC,127.44156278949998,1,HIGH
2490,17483.43343,68.93521003,6.659,470.0463574,63.25604739,146.8499867,46.5252211,2.3311090736666666,-0.0139999999999993,8.404,51.22500000000001,0.04,-0.0240000000000009,19.969999,20.189999,75.419998,0.0,0.0,Cassette_AC,129.4601759935,1,HIGH
2485,18141.24251,72.20655414,6.938,470.2747169,66.71485733,145.6344541,46.56820972,2.4600806726666664,-0.0139999999999993,8.402,51.2,0.04,-0.0219999999999984,19.959999,20.139999,75.419998,0.0,0.0,Cassette_AC,134.10226230450002,1,HIGH
2519,18811.53155,74.1635029,7.109,476.5631453,64.4760722,150.506361,46.51745785,2.5322252903333333,-0.0139999999999993,8.402,51.125,0.04,-0.0240000000000009,19.959999,20.074999,75.279999,0.0,0.0,Cassette_AC,137.49075979,1,HIGH
2514,18784.92304,71.76355177,7.113,473.831118,60.41993256,148.2229813,46.50360219,2.5316524453333336,-0.0139999999999993,8.4,51.2,0.0375000000000005,-0.0240000000000009,19.955,20.045,75.189995,0.0,0.0,Centralized_AC,136.30180856899997,1,HIGH
2490,18612.82721,73.09787101,7.113,468.3946499,62.0689625,149.7399117,46.53377141,2.5363970266666667,-0.0139999999999993,8.4,51.2,0.0375000000000005,-0.0240000000000009,19.945,20.025,75.129997,0.0,0.0,Cassette_AC,137.07073309999998,1,HIGH
2499,19454.55908,78.92875979,7.425,469.8212666,61.90352013,151.6449575,46.52611643,2.6952735496666667,-0.0139999999999993,8.4,51.150000000000006,0.0375000000000005,-0.0240000000000009,19.904999,20.004999,75.080002,0.0,0.0,Normal_AC,142.91247388449997,1,HIGH
